task,answer,context_length,predicted_answer,framework,press,compression_ratio,elapsed_sec,peak_gpu_mem_gb
niah_single_2,['6188935'],4096,"6188935.
</think>

The special magic number for questionable-tangerine mentioned in the provided text is **6188935**.",vllm,no_press,0.0,0.548,40.375
niah_multiquery,['7373495' '6573679' '1113537' '8385715'],4096,":

- Swift-pigeon: 7373495
- Mammoth-caution: 6573679
- Homeless-octagon: 1113537
- Impossible-frenzy: 8385715
</think>

The special magic numbers for the specified categories mentioned in the text are as follows:

- **Swift-pigeon**: 7373495  
- **Mammoth-caution**: 6573679  
- **Homeless-octagon**: 111353",vllm,no_press,0.0,0.548,40.375
qa_1,['Inland Empire' 'Temecula and Murrieta'],4096,"the San Diego metropolitan area
</think>

the San Diego metropolitan area",vllm,no_press,0.0,0.548,40.375
niah_single_2,['8387112'],4096,"8387112.
</think>

The special magic number for chivalrous-barometer mentioned in the provided text is **8387112**.",vllm,no_press,0.0,0.548,40.375
niah_multikey_3,['23a4e70e-9dbc-45c0-aa7d-c57c6d9c5b50'],4096,": 23a4e70e-9dbc-45c0-aa7d-c57c6d9c5b50.
</think>

The special magic UUID for `a1fd4187-9c3a-4e0b-b5f3-f8aadc6dafff` mentioned in the provided text is:

**23a4e70e-9dbc-45c0-aa7d-c57c6d9c5b50**.",vllm,no_press,0.0,0.548,40.375
niah_multiquery,['9742856' '8590804' '6843509' '2637842'],4096,":

- Exotic-rape: 9742856
- Noxious-pearl: 8590804
- Plain-weed: 6843509
- Periodic-orchard: 2637842
</think>

The special magic numbers for the specified categories mentioned in the text are:

- **Exotic-rape**: 9742856  
- **Noxious-pearl**: 8590804  
- **Plain-weed**: 6843509  
- **",vllm,no_press,0.0,0.548,40.375
niah_single_3,['715629ee-e893-4e3d-b354-ea6f61607459'],4096,": 715629ee-e893-4e3d-b354-ea6f61607459.
</think>

The special magic UUID for recondite-wiring mentioned in the provided text is:

**715629ee-e893-4e3d-b354-ea6f61607459**",vllm,no_press,0.0,0.548,40.375
niah_single_3,['345af934-b42a-4d93-9aba-0f15b2149062'],4096,": 345af934-b42a-4d93-9aba-0f15b2149062.
</think>

The special magic UUID for **frantic-tale** mentioned in the provided text is:

**345af934-b42a-4d93-9aba-0f15b2149062**.",vllm,no_press,0.0,0.548,40.375
niah_multiquery,['5521644' '2532210' '1348050' '1674975'],4096,":

- Unequaled-atmosphere: 5521644
- Adamant-waveform: 2532210
- Flagrant-woodshed: 1348050
- Smelly-fascia: 1674975
</think>

The special magic numbers for the specified categories mentioned in the text are as follows:

- **Unequaled-atmosphere**: 5521644  
- **Adamant-waveform**: 2532210  
- **Flagrant-woodshed**: 13",vllm,no_press,0.0,0.548,40.375
niah_single_2,['2147909'],4096,"2147909.
</think>

The special magic number for swanky-dozen mentioned in the provided text is **2147909**.",vllm,no_press,0.0,0.548,40.375
niah_single_3,['67814c1f-cc53-4e36-addc-3e13ab3b4d37'],4096,": 67814c1f-cc53-4e36-addc-3e13ab3b4d37.
</think>

The special magic UUID for inquisitive-library mentioned in the provided text is:

**67814c1f-cc53-4e36-addc-3e13ab3b4d37**",vllm,no_press,0.0,0.548,40.375
niah_multikey_1,['2089275'],4096,"2089275.
</think>

The special magic number for **needy-deathwatch** mentioned in the provided text is **2089275**.",vllm,no_press,0.0,0.548,40.375
niah_multiquery,['1752920' '4350161' '3446428' '7271672'],4096,":

- Numerous-jury: 1752920
- Flipped-out-paperwork: 4350161
- Tacit-fluke: 3446428
- Various-coverall: 7271672
</think>

The special magic numbers for the specified categories mentioned in the text are as follows:

- **Numerous-jury**: 1752920  
- **Flipped-out-paperwork**: 4350161  
- **Tacit-fluke**: 3446428  
-",vllm,no_press,0.0,0.548,40.375
niah_single_1,['1229419'],4096,"1229419.
</think>

The special magic number for scattered-trench mentioned in the provided text is **1229419**.",vllm,no_press,0.0,0.548,40.375
niah_single_1,['6338112'],4096,"6338112.
</think>

The special magic number for amused-veto mentioned in the provided text is **6338112**.",vllm,no_press,0.0,0.548,40.375
niah_single_3,['bd17c5e8-d5ca-49ab-8a2e-6a93c5580bb2'],4096,": bd17c5e8-d5ca-49ab-8a2e-6a93c5580bb2.
</think>

The special magic UUID for quick-native mentioned in the provided text is:

**bd17c5e8-d5ca-49ab-8a2e-6a93c5580bb2**",vllm,no_press,0.0,0.548,40.375
fwe,['gmebgb' 'qsyeiu' 'reuvhy'],4096,"gmebgb, qsyeiu, and mgikxv.
</think>

gmebgb, qsyeiu, mgikxv",vllm,no_press,0.0,0.548,40.375
niah_multikey_2,['4412989'],4096,"4412989.
</think>

The special magic number for **capable-milkshake** is **4412989**.",vllm,no_press,0.0,0.548,40.375
qa_1,['Palm Springs' 'Palm Springs' 'Palm Springs'],4096,"Palm Springs
</think>

Palm Springs",vllm,no_press,0.0,0.548,40.375
niah_multikey_2,['5444179'],4096,"5444179.
</think>

The special magic number for **happy-bride** mentioned in the provided text is **5444179**.",vllm,no_press,0.0,0.548,40.375
niah_multivalue,['7245146' '2409947' '5342289' '2258076'],4096,":

1. 5342289
2. 2409947
3. 2258076
4. 7245146
</think>

The special magic numbers for mature-commander mentioned in the provided text are:

1. **5342289**  
2. **2409947**  
3. **2258076**  
4. **7245146**",vllm,no_press,0.0,0.548,40.375
niah_single_3,['c8a723e9-bfa0-46c2-809c-b50648f1096d'],4096,": c8a723e9-bfa0-46c2-809c-b50648f1096d.
</think>

The special magic UUID for stupid-sherbet mentioned in the provided text is:

**c8a723e9-bfa0-46c2-809c-b50648f1096d**",vllm,no_press,0.0,0.548,40.375
niah_single_2,['7067228'],4096,"7067228.
</think>

The special magic number for tangy-boysenberry mentioned in the provided text is **7067228**.",vllm,no_press,0.0,0.548,40.375
qa_1,"['NP-complete Boolean satisfiability problem'
 'NP-complete Boolean satisfiability'
 'the NP-complete Boolean satisfiability problem']",4096,"the NP-complete Boolean satisfiability problem
</think>

the NP-complete Boolean satisfiability problem",vllm,no_press,0.0,0.548,40.375
qa_1,"['A probabilistic Turing machine' 'probabilistic'
 'probabilistic Turing machine']",4096,"probabilistic Turing machine
</think>

probabilistic Turing machine",vllm,no_press,0.0,0.548,40.375
qa_2,['author'],4096,"Eric Ambler and Carol Shields are both best known for their profession as a writer.
</think>

writer",vllm,no_press,0.0,0.548,40.375
fwe,['frxhxt' 'qyhgtv' 'rtvpqv'],4096,"frxhxt, qyhgtv, and kxedzq.
</think>

Answer: frxhxt, qyhgtv, kxedzq",vllm,no_press,0.0,0.548,40.375
niah_single_3,['c9dc72b8-5b6a-4102-8428-7378bf5023f4'],4096,":

**c9dc72b8-5b6a-4102-8428-7378bf5023f4**
</think>

The special magic UUID for gaping-member mentioned in the provided text is:

**c9dc72b8-5b6a-4102-8428-7378bf5023f4**",vllm,no_press,0.0,0.548,40.375
qa_2,['1943'],4096,"1943
</think>

1943",vllm,no_press,0.0,0.548,40.375
niah_single_2,['5255545'],4096,"5255545.
</think>

The special magic number for lively-inn mentioned in the provided text is **5255545**.",vllm,no_press,0.0,0.548,40.375
niah_multivalue,['7267813' '7636992' '2695038' '6646557'],4096,":

1. 2695038
2. 7636992
3. 6646557
4. 7267813
</think>

The special magic numbers for **bloody-pillow** mentioned in the provided text are:

1. **2695038**  
2. **7636992**  
3. **6646557**  
4. **7267813**  

These numbers are explicitly stated in the text and are referred to as ""special",vllm,no_press,0.0,0.548,40.375
niah_multikey_1,['9692311'],4096,"**9692311**.
</think>

The special magic number for **creepy-juice** mentioned in the provided text is **9692311**.",vllm,no_press,0.0,0.548,40.375
niah_multiquery,['7352484' '4942645' '8517846' '8702329'],4096,":

- **Scattered-lawn**: 7352484
- **Melodic-linkage**: 4942645
- **Obeisant-blowgun**: 8517846
- **Boundless-icon**: 8702329
</think>

The special magic numbers for the specified categories mentioned in the text are as follows:

- **Scattered-lawn**: **7352484**  
- **Melodic-linkage**: **4942645**  
- **Obeisant-blowgun",vllm,no_press,0.0,0.548,40.375
niah_single_1,['9648751'],4096,"9648751.
</think>

The special magic number for **stingy-hostess** mentioned in the provided text is:

**9648751** ✅

This number is explicitly stated in the text:

> **One of the special magic numbers for stingy-hostess is: 9648751.**

The rest of the text consists of repeated lines about the grass, sky, and sun, which appear to be a distraction or a red herring. The key detail is the line that directly mentions the magic number.",vllm,no_press,0.0,0.548,40.375
qa_2,['Scott Sidney'],4096,"Alain Resnais
</think>

Answer: Alain Resnais",vllm,no_press,0.0,0.548,40.375
qa_1,['economically' 'economically' 'economically'],4096,"economically
</think>

economically",vllm,no_press,0.0,0.548,40.375
niah_single_2,['7754864'],4096,"7754864.
</think>

The special magic number for axiomatic-tremor mentioned in the provided text is **7754864**.",vllm,no_press,0.0,0.548,40.375
niah_single_2,['3182975'],4096,"3182975.
</think>

The special magic number for little-petal mentioned in the provided text is **3182975**.",vllm,no_press,0.0,0.548,40.375
niah_single_2,['9240971'],4096,"9240971.
</think>

The special magic number for volatile-surge mentioned in the provided text is **9240971**.",vllm,no_press,0.0,0.548,40.375
niah_multikey_3,['87e504ce-1c17-4c69-9535-99c6c379b61d'],4096,": 87e504ce-1c17-4c69-9535-99c6c379b61d.
</think>

The special magic UUID for `1a9e82f5-0228-4e49-a4c4-e73c4c46bad8` mentioned in the provided text is:

**87e504ce-1c17-4c69-9535-99c6c379b61d**.",vllm,no_press,0.0,0.548,40.375
niah_single_3,['8e85140d-0f9a-4b70-8670-7cd64ceda164'],4096,": 8e85140d-0f9a-4b70-8670-7cd64ceda164.
</think>

The special magic UUID for momentous-crust mentioned in the provided text is:

**8e85140d-0f9a-4b70-8670-7cd64ceda164**",vllm,no_press,0.0,0.548,40.375
niah_single_1,['8290770'],4096,"8290770.
</think>

The special magic number for squealing-influx mentioned in the provided text is **8290770**.",vllm,no_press,0.0,0.548,40.375
cwe,"['decline' 'waitress' 'uniformity' 'ask' 'atelier' 'junket' 'church'
 'retention' 'snake' 'agriculture']",4096,"1. retention 2. agriculture 3. atelier 4. junket 5. snake 6. church 7. ask 8. uniformity 9. waitress 10. decline
</think>

The top 10 words that appear most often in the list are:  
1. **retention**  
2. **agriculture**  
3. **atelier**  
4. **junket**  
5. **snake**  
6. **church**  
7. **ask**  
8. **uniformity**  
9. **waitress**  
10. **",vllm,no_press,0.0,0.548,40.375
fwe,['dznynv' 'pwvgox' 'skmtng'],4096,"dznynv, pwvgox, and jgaxre.
</think>

dznynv, pwvgox, jgaxre",vllm,no_press,0.0,0.548,40.375
niah_single_1,['7089806'],4096,"7089806.
</think>

The special magic number for colossal-duck mentioned in the provided text is **7089806**.",vllm,no_press,0.0,0.548,40.375
fwe,['dtpgpe' 'pkwkfe' 'pvyqym'],4096,"dtpgpe, pvyqym, and pkwkfe.
</think>

dtpgpe, pvyqym, pkwkfe",vllm,no_press,0.0,0.548,40.375
niah_multivalue,['8375356' '7972975' '9124385' '8792046'],4096,":

1. 9124385
2. 7972975
3. 8792046
4. 8375356
</think>

The special magic numbers for different-harbor mentioned in the provided text are:

1. **9124385**  
2. **7972975**  
3. **8792046**  
4. **8375356**",vllm,no_press,0.0,0.548,40.375
qa_2,['defensive coordinator'],4096,"defensive coordinator


defensive coordinator",vllm,no_press,0.0,0.548,40.375
niah_single_1,['9646569'],4096,"9646569.
</think>

The special magic number for tasty-consul mentioned in the provided text is **9646569**.",vllm,no_press,0.0,0.548,40.375
niah_multikey_3,['d33343eb-08ec-4357-bddb-bed37e4648a5'],4096,": d33343eb-08ec-4357-bddb-bed37e4648a5.
</think>

The special magic UUID for `5fdc70ee-224a-45d1-adb6-bbd8125d0ae6` mentioned in the provided text is:

**d33343eb-08ec-4357-bddb-bed37e4648a5**.",vllm,no_press,0.0,0.548,40.375
cwe,"['grid' 'easy' 'spiffy' 'airfield' 'nifty' 'buze' 'damp' 'lottery' 'barn'
 'bandana']",4096,"1. barn 2. spiffy 3. bandana 4. lottery 5. damp 6. nifty 7. buze 8. grid 9. easy 10. spiffy
</think>

To determine the **10 most common words** in the given list, we need to count the frequency of each word and then rank them from most to least frequent.

---

### Step-by-step Analysis:

We'll go through the list and count how many times each word appears. Here are the top 10 most frequent words based on their frequency:

1. **barn** –",vllm,no_press,0.0,0.548,40.375
qa_2,['John John Florence'],4096,"John John Florence
</think>

John John Florence",vllm,no_press,0.0,0.548,40.375
qa_2,['1944'],4096,"1944
</think>

1944",vllm,no_press,0.0,0.548,40.375
niah_multikey_1,['5942041'],4096,"5942041.
</think>

The special magic number for gaping-civilization mentioned in the provided text is **5942041**.",vllm,no_press,0.0,0.548,40.375
niah_multivalue,['5597283' '2565985' '7047102' '5200835'],4096,":

1. 7047102
2. 2565985
3. 5200835
4. 5597283
</think>

The special magic numbers for difficult-locust mentioned in the provided text are:

1. **7047102**  
2. **2565985**  
3. **5200835**  
4. **5597283**",vllm,no_press,0.0,0.548,40.375
qa_2,['2014'],4096,"2014
</think>

2014",vllm,no_press,0.0,0.548,40.375
fwe,['fjnmov' 'olkknp' 'pwkedz'],4096,"fjnmov, olkknp, and pwkedz.
</think>

fjnmov, olkknp, pwkedz",vllm,no_press,0.0,0.548,40.375
qa_2,"['Istanbul, Turkey']",4096,"İstanbul
</think>

Answer: İstanbul",vllm,no_press,0.0,0.548,40.375
niah_multivalue,['8189168' '5682726' '5433204' '3182154'],4096,":

1. 5433204
2. 5682726
3. 3182154
4. 8189168
</think>

The special magic numbers for ambiguous-cup mentioned in the provided text are:

1. **5433204**  
2. **5682726**  
3. **3182154**  
4. **8189168**",vllm,no_press,0.0,0.548,40.375
niah_multiquery,['8852085' '4234838' '9796605' '3251501'],4096,":

- Quack-duration: 8852085
- Groovy-distance: 4234838
- Tested-samovar: 9796605
- Prickly-messy: 3251501
</think>

The special magic numbers mentioned in the text for the specified categories are:

- **Quack-duration**: 8852085  
- **Groovy-distance**: 4234838  
- **Tested-samovar**: 9796605  
- **",vllm,no_press,0.0,0.548,40.375
cwe,"['wisdom' 'currant' 'cast' 'energy' 'sassy' 'fridge' 'ripe' 'personnel'
 'restroom' 'clever']",4096,"1. cast 2. personnel 3. fridge 4. sassy 5. currant 6. energy 7. clever 8. restroom 9. ripe 10. wisdom
</think>

The top 10 words that appear most often in the list are:  
1. **cast**  
2. **personnel**  
3. **fridge**  
4. **sassy**  
5. **currant**  
6. **energy**  
7. **clever**  
8. **restroom**  
9. **ripe**  
10. **wisdom**",vllm,no_press,0.0,0.548,40.375
niah_multikey_1,['4161264'],4096,"4161264.
</think>

The special magic number for **lamentable-bombing** mentioned in the provided text is **4161264**.",vllm,no_press,0.0,0.548,40.375
niah_single_1,['2147909'],4096,"2147909.
</think>

The special magic number for swanky-dozen mentioned in the provided text is **2147909**.",vllm,no_press,0.0,0.548,40.375
fwe,['evdlxb' 'okwipf' 'piwkmk'],4096,"evdlxb, okwipf, and piwkmk.
</think>

evdlxb, okwipf, piwkmk",vllm,no_press,0.0,0.548,40.375
niah_multikey_3,['444dc21c-ffe6-4a54-a5aa-aa628295a3f9'],4096,": 444dc21c-ffe6-4a54-a5aa-aa628295a3f9.
</think>

The special magic UUID for `e20b0960-2404-4095-ac28-d528785c6e2e` is:

**444dc21c-ffe6-4a54-a5aa-aa628295a3f9**.",vllm,no_press,0.0,0.548,40.375
niah_single_2,['3846949'],8192,"3846949.
</think>

The special magic number for zonked-sanity mentioned in the provided text is **3846949**.",vllm,no_press,0.0,0.548,40.375
niah_multiquery,['9742856' '8590804' '6843509' '2637842'],8192,":

- Exotic-rape: 9742856
- Noxious-pearl: 8590804
- Plain-weed: 6843509
- Periodic-orchard: 2637842
</think>

The special magic numbers for the specified categories mentioned in the text are:

- **Exotic-rape**: 9742856  
- **Noxious-pearl**: 8590804  
- **Plain-weed**: 6843509  
- **",vllm,no_press,0.0,0.548,40.375
qa_1,['Inland Empire' 'Temecula and Murrieta'],8192,"the Inland Empire
</think>

the Inland Empire",vllm,no_press,0.0,0.548,40.375
niah_single_2,['2516313'],8192,"2516313.
</think>

The special magic number for finicky-corruption mentioned in the provided text is **2516313**.",vllm,no_press,0.0,0.548,40.375
niah_multikey_3,['f9285706-577c-4717-836a-58870a5a2698'],8192,": 2bd7d038-8149-4b7a-8968-fdf25760c094.
</think>

The special magic UUID for `17cb67b8-6d0f-44e6-a174-a7856f2190cb` is:

**2bd7d038-8149-4b7a-8968-fdf25760c094**",vllm,no_press,0.0,0.548,40.375
niah_multiquery,['3290672' '1899447' '1160783' '6277776'],8192,"as follows:

1. **Pleasant-awe**: 3290672
2. **Odd-library**: 1899447
3. **Lacking-spark**: 1160783
4. **Elderly-drill**: 6277776

These numbers are explicitly mentioned in the text and are associated with the respective categories as indicated.
</think>

The special magic numbers for the specified categories mentioned in the text are:

1. **Pleasant-awe**: **3290672**  
2. **Odd",vllm,no_press,0.0,0.548,40.375
niah_single_3,['26242b40-a5cb-43a2-b98d-1ca68b6870b5'],8192,": 26242b40-a5cb-43a2-b98d-1ca68b6870b5.
</think>

The special magic UUID for concerned-tabernacle mentioned in the provided text is:

**26242b40-a5cb-43a2-b98d-1ca68b6870b5**",vllm,no_press,0.0,0.548,40.375
niah_single_3,['af521b94-f186-447a-a794-63208cf6e8b8'],8192,": af521b94-f186-447a-a794-63208cf6e8b8.
</think>

The special magic UUID for puffy-crash mentioned in the provided text is:

**af521b94-f186-447a-a794-63208cf6e8b8**",vllm,no_press,0.0,0.548,40.375
niah_multiquery,['9125900' '9214801' '8491822' '6008935'],8192,"as follows:

1. **Rough-scene**: 9125900
2. **Sour-mechanic**: 9214801
3. **Defective-presentation**: 8491822
4. **Half-part**: 6008935

These numbers are explicitly mentioned in the text and are referred to as ""special magic numbers"" in the context of the discussions about software development, App Store approval processes, and other technical topics.
</think>

The special magic numbers for the specified categories mentioned in the text are:

1. **R",vllm,no_press,0.0,0.548,40.375
niah_single_2,['3937176'],8192,"3937176.
</think>

The special magic number for doubtful-cap mentioned in the provided text is **3937176**.",vllm,no_press,0.0,0.548,40.375
niah_single_3,['9f0fda8d-0537-4ff6-96d7-b3b833094d35'],8192,": 9f0fda8d-0537-4ff6-96d7-b3b833094d35.
</think>

The special magic UUID for functional-pot mentioned in the provided text is:

**9f0fda8d-0537-4ff6-96d7-b3b833094d35**",vllm,no_press,0.0,0.548,40.375
niah_multikey_1,['8727886'],8192,"8727886.
</think>

The special magic number for **determined-bin** mentioned in the provided text is **8727886**.",vllm,no_press,0.0,0.548,40.375
niah_multiquery,['4815608' '7412371' '3302852' '5032585'],8192,":

- Rebellious-printing: 4815608
- Bumpy-lymphocyte: 7412371
- Trashy-bee: 3302852
- Mundane-telescreen: 5032585
</think>

The special magic numbers for the specified categories mentioned in the text are:

- **Rebellious-printing**: 4815608  
- **Bumpy-lymphocyte**: 7412371  
- **Trashy-bee**: 3302",vllm,no_press,0.0,0.548,40.375
niah_single_1,['4769851'],8192,"4769851.
</think>

The special magic number for capricious-creme brulee mentioned in the provided text is **4769851**.",vllm,no_press,0.0,0.548,40.375
niah_single_1,['3551903'],8192,"3551903.
</think>

The special magic number for lying-deviation mentioned in the provided text is **3551903**.",vllm,no_press,0.0,0.548,40.375
niah_single_3,['87079ad4-80be-4e35-a1c2-645ac7332304'],8192,": 87079ad4-80be-4e35-a1c2-645ac7332304.
</think>

The special magic UUID for habitual-espadrille mentioned in the provided text is:

**87079ad4-80be-4e35-a1c2-645ac7332304**",vllm,no_press,0.0,0.548,40.375
fwe,['qplshr' 'qqhjdc' 'gmtwsb'],8192,"qplshr, qqhjdc, and gmtwsb.
</think>

qplshr, qqhjdc, gmtwsb",vllm,no_press,0.0,0.548,40.375
niah_multikey_2,['9086649'],8192,"9086649.
</think>

The special magic number for **zonked-tepee** mentioned in the provided text is **9086649**.",vllm,no_press,0.0,0.548,40.375
qa_1,['Palm Springs' 'Palm Springs' 'Palm Springs'],8192,"Palm Springs
</think>

Palm Springs",vllm,no_press,0.0,0.548,40.375
niah_multikey_2,['6838180'],8192,"6838180.
</think>

The special magic number for **synonymous-scarf** mentioned in the provided text is **6838180**.",vllm,no_press,0.0,0.548,40.375
niah_multivalue,['1437264' '6349877' '4674549' '1491630'],8192,":

1. 4674549
2. 6349877
3. 1491630
4. 1437264
</think>

The special magic numbers for earsplitting-dragonfruit mentioned in the provided text are:

1. **4674549**  
2. **6349877**  
3. **1491630**  
4. **1437264**",vllm,no_press,0.0,0.548,40.375
niah_single_3,['38d77b9a-e916-4a57-b248-23ab177a8a5f'],8192,": 38d77b9a-e916-4a57-b248-23ab177a8a5f.
</think>

The special magic UUID for nosy-sensitivity mentioned in the provided text is:

**38d77b9a-e916-4a57-b248-23ab177a8a5f**",vllm,no_press,0.0,0.548,40.375
niah_single_2,['5528972'],8192,"5528972.
</think>

The special magic number for lovely-basil mentioned in the provided text is **5528972**.",vllm,no_press,0.0,0.548,40.375
qa_1,"['NP-complete Boolean satisfiability problem'
 'NP-complete Boolean satisfiability'
 'the NP-complete Boolean satisfiability problem']",8192,"</think>

Answer: The Boolean satisfiability problem.",vllm,no_press,0.0,0.548,40.375
qa_1,"['A probabilistic Turing machine' 'probabilistic'
 'probabilistic Turing machine']",8192,"probabilistic Turing machine
</think>

probabilistic Turing machine",vllm,no_press,0.0,0.548,40.375
qa_2,['author'],8192,"novelist
</think>

Answer: novelist",vllm,no_press,0.0,0.548,40.375
fwe,['rbvoik' 'rfdzkt' 'hakvdl'],8192,"rbvoik, rfdzkt, and hakvdl.
</think>

rbvoik, rfdzkt, hakvdl",vllm,no_press,0.0,0.548,40.375
niah_single_3,['493e904d-30ec-4796-a59b-457fc0d7ac73'],8192,": 493e904d-30ec-4796-a59b-457fc0d7ac73.
</think>

The special magic UUID for **alike-dishwasher** mentioned in the provided text is:

**493e904d-30ec-4796-a59b-457fc0d7ac73**",vllm,no_press,0.0,0.548,40.375
qa_2,['1943'],8192,"1943
</think>

1943",vllm,no_press,0.0,0.548,40.375
niah_single_2,['6202210'],8192,"6202210.
</think>

The special magic number for husky-cape mentioned in the provided text is **6202210**.",vllm,no_press,0.0,0.548,40.375
niah_multivalue,['7297287' '2701688' '9044494' '4784650'],8192,":

1. 9044494
2. 2701688
3. 4784650
4. 7297287
</think>

The special magic numbers for kaput-collagen mentioned in the provided text are:

1. **9044494**  
2. **2701688**  
3. **4784650**  
4. **7297287**",vllm,no_press,0.0,0.548,40.375
niah_multikey_1,['3673322'],8192,"3673322.
</think>

The special magic number for **elite-placode** mentioned in the provided text is **3673322**.",vllm,no_press,0.0,0.548,40.375
niah_multiquery,['8597490' '6752216' '9594877' '3318275'],8192,":

- For heavy-penalty: 8597490
- For many-spear: 6752216
- For moldy-credential: 9594877
- For daffy-sun: 3318275
</think>

The special magic numbers for the specified categories mentioned in the text are as follows:

- **heavy-penalty**: 8597490  
- **many-spear**: 6752216  
- **moldy-credential**: 95948",vllm,no_press,0.0,0.548,40.375
niah_single_1,['1652868'],8192,"1652868.
</think>

The special magic number for animated-abuse mentioned in the provided text is **1652868**.",vllm,no_press,0.0,0.548,40.375
qa_2,['Scott Sidney'],8192,"Alain Resnais
</think>

Answer: Alain Resnais",vllm,no_press,0.0,0.548,40.375
qa_1,['economically' 'economically' 'economically'],8192,"economically
</think>

economically",vllm,no_press,0.0,0.548,40.375
niah_single_2,['3762152'],8192,"3762152.
</think>

The special magic number for aware-judo mentioned in the provided text is **3762152**.",vllm,no_press,0.0,0.548,40.375
niah_single_2,['4794319'],8192,"4794319.
</think>

The special magic number for sloppy-possible mentioned in the provided text is **4794319**.",vllm,no_press,0.0,0.548,40.375
niah_single_2,['7189302'],8192,"7189302.
</think>

The special magic number for large-cantaloupe mentioned in the provided text is **7189302**.",vllm,no_press,0.0,0.548,40.375
niah_multikey_3,['1934850a-e8ff-4869-b759-5b46d1264de7'],8192,": 1934850a-e8ff-4869-b759-5b46d1264de7.
</think>

The special magic UUID for `c43cd8ec-5a87-427a-a7d4-ca94b438e3b8` is:

**1934850a-e8ff-4869-b759-5b46d1264de7**",vllm,no_press,0.0,0.548,40.375
niah_single_3,['d453f867-b97e-4224-891f-691217abb863'],8192,": d453f867-b97e-4224-891f-691217abb863.
</think>

The special magic UUID for likeable-query mentioned in the provided text is:

**d453f867-b97e-4224-891f-691217abb863**",vllm,no_press,0.0,0.548,40.375
niah_single_1,['4188992'],8192,"4188992.
</think>

The special magic number for smelly-root mentioned in the provided text is **4188992**.",vllm,no_press,0.0,0.548,40.375
cwe,"['outstanding' 'vigorous' 'phrase' 'doctrine' 'snowman' 'singing'
 'gelatin' 'unique' 'asparagus' 'gown']",8192,"1. asparagus 2. phrase 3. snowman 4. doctrine 5. unique 6. gown 7. vigorous 8. gelatin 9. singing 10. doctrine
</think>

To determine the 10 most common words in the list, we need to count the frequency of each word and then rank them from most to least frequent.

### Step-by-step process:
1. **List all words** from the numbered list.
2. **Count the frequency** of each word.
3. **Sort the words** by frequency in descending order.
4. **Select the top 1",vllm,no_press,0.0,0.548,40.375
fwe,['qiuwqq' 'qjiqmp' 'gpkrgi'],8192,"qiuwqq, qjiqmp, and xuoeem.
</think>

qiuwqq, qjiqmp, xuoeem",vllm,no_press,0.0,0.548,40.375
niah_single_1,['9852897'],8192,"9852897.
</think>

The special magic number for good-pharmacopoeia mentioned in the provided text is **9852897**.",vllm,no_press,0.0,0.548,40.375
fwe,['pxvsgw' 'pysupz' 'fmmvgz'],8192,"pxvsgw, pysupz, and fmmvgz.
</think>

pxvsgw, pysupz, fmmvgz",vllm,no_press,0.0,0.548,40.375
niah_multivalue,['1137194' '2803501' '8229768' '3247055'],8192,":

1. 8229768
2. 2803501
3. 3247055
4. 1137194
</think>

The special magic numbers for roomy-hound mentioned in the provided text are:

1. **8229768**  
2. **2803501**  
3. **3247055**  
4. **1137194**",vllm,no_press,0.0,0.548,40.375
qa_2,['defensive coordinator'],8192,"defensive coordinator
</think>

defensive coordinator",vllm,no_press,0.0,0.548,40.375
niah_single_1,['8669093'],8192,"8669093.
</think>

The special magic number for tense-statute mentioned in the provided text is **8669093**.",vllm,no_press,0.0,0.548,40.375
niah_multikey_3,['4f24d4a7-21ac-4998-91e7-7117c5162140'],8192,": 4f24d4a7-21ac-4998-91e7-7117c5162140.
</think>

The special magic UUID for `5d7cae33-0b00-4090-acb7-8ef3fe628562` is:

**4f24d4a7-21ac-4998-91e7-7117c5162140**",vllm,no_press,0.0,0.548,40.375
cwe,"['specification' 'newspaper' 'oldie' 'gamy' 'radio' 'rainbow' 'reserve'
 'swivel' 'hunger' 'pit']",8192,"1. swivel 2. newspaper 3. hunger 4. gamy 5. radio 6. oldie 7. pit 8. specification 9. reserve 10. gamy
</think>

To determine the **10 most common words** in the given list, we need to count the frequency of each word and then rank them from most to least frequent.

---

### Step-by-Step Process:

1. **List all the words** from the numbered list.
2. **Count the frequency** of each word.
3. **Sort the words** by frequency in descending order.
4.",vllm,no_press,0.0,0.548,40.375
qa_2,['John John Florence'],8192,"John John Florence
</think>

John John Florence",vllm,no_press,0.0,0.548,40.375
qa_2,['1944'],8192,"1944
</think>

Answer: 1944",vllm,no_press,0.0,0.548,40.375
niah_multikey_1,['4407796'],8192,"4407796.
</think>

The special magic number for **harsh-hospital** mentioned in the provided text is **4407796**.",vllm,no_press,0.0,0.548,40.375
niah_multivalue,['7442986' '6897789' '8203947' '6276495'],8192,":

1. 8203947
2. 6897789
3. 6276495
4. 7442986
</think>

The special magic numbers for spicy-skating mentioned in the provided text are:

1. **8203947**  
2. **6897789**  
3. **6276495**  
4. **7442986**",vllm,no_press,0.0,0.548,40.375
qa_2,['2014'],8192,"2008
</think>

2008",vllm,no_press,0.0,0.548,40.375
fwe,['pooula' 'prbezn' 'gjksel'],8192,"pooula, gjksel, and prbezn.
</think>

pooula, gjksel, prbezn",vllm,no_press,0.0,0.548,40.375
qa_2,"['Istanbul, Turkey']",8192,"İstanbul
</think>

Answer: İstanbul",vllm,no_press,0.0,0.548,40.375
niah_multivalue,['9535166' '8475204' '9167227' '1735708'],8192,":

1. 9167227
2. 8475204
3. 1735708
4. 9535166
</think>

The special magic numbers for rainy-sauce mentioned in the provided text are:

1. **9167227**  
2. **8475204**  
3. **1735708**  
4. **9535166**  

These numbers are explicitly labeled as ""special magic numbers for rainy-sauce"" in the text",vllm,no_press,0.0,0.548,40.375
niah_multiquery,['3213658' '1968662' '8757420' '7969667'],8192,":

- old-linseed: 3213658
- optimal-poncho: 1968662
- shaggy-sailboat: 8757420
- ragged-infancy: 7969667
</think>

The special magic numbers for the specified categories mentioned in the text are:

- **old-linseed**: 3213658  
- **optimal-poncho**: 1968662  
- **shaggy-sailboat**: 875742",vllm,no_press,0.0,0.548,40.375
cwe,"['orangutan' 'gastropod' 'lute' 'arthur' 'curd' 'colonial' 'actress'
 'catacomb' 'mast' 'absurd']",8192,"1. lute 2. mast 3. arthur 4. curd 5. gastropod 6. actress 7. colonial 8. catacomb 9. absurd 10. orchestra
</think>

To determine the **10 most common words** in the given list, we need to count the frequency of each word and then list the top 10 based on that frequency.

---

### Step-by-Step Process:

1. **List all the words** from the numbered list.
2. **Count the frequency** of each word.
3. **Sort the words** by frequency in",vllm,no_press,0.0,0.548,40.375
niah_multikey_1,['2699372'],8192,"2699372.
</think>

The special magic number for worried-hut mentioned in the provided text is **2699372**.",vllm,no_press,0.0,0.548,40.375
niah_single_1,['2516313'],8192,"2516313.
</think>

The special magic number for finicky-corruption mentioned in the provided text is **2516313**.",vllm,no_press,0.0,0.548,40.375
fwe,['rlowep' 'rykimj' 'hovqiq'],8192,"rlowep, rykimj, and hovqiq.
</think>

Answer: rlowep, rykimj, hovqiq",vllm,no_press,0.0,0.548,40.375
niah_multikey_3,['3945cac7-3f99-45a7-8af4-b5da33cd1fed'],8192,": 3945cac7-3f99-45a7-8af4-b5da33cd1fed.
</think>

The special magic UUID for `8084f1d1-fe82-4a8d-866b-c7a55d302449` is:

**3945cac7-3f99-45a7-8af4-b5da33cd1fed**",vllm,no_press,0.0,0.548,40.375
niah_single_2,['6188935'],4096,"6188935.
</think>

The special magic number for questionable-tangerine mentioned in the provided text is **6188935**.",vllm,full_replacement,0.01,0.592,40.381
niah_multiquery,['7373495' '6573679' '1113537' '8385715'],4096,":

- Swift-pigeon: 7373495
- Mammoth-caution: 6573679
- Homeless-octagon: 1113537
- Impossible-frenzy: 8385715
</think>

The special magic numbers for the specified categories mentioned in the text are as follows:

- **Swift-pigeon**: 7373495  
- **Mammoth-caution**: 6573679  
- **Homeless-octagon**: 111353",vllm,full_replacement,0.01,0.592,40.381
qa_1,['Inland Empire' 'Temecula and Murrieta'],4096,"the San Diego metropolitan area
</think>

the San Diego metropolitan area",vllm,full_replacement,0.01,0.592,40.381
niah_single_2,['8387112'],4096,"8387112.
</think>

The special magic number for chivalrous-barometer mentioned in the provided text is **8387112**.",vllm,full_replacement,0.01,0.592,40.381
niah_multikey_3,['23a4e70e-9dbc-45c0-aa7d-c57c6d9c5b50'],4096,": 23a4e70e-9dbc-45c0-aa7d-c57c6d9c5b50.
</think>

The special magic UUID for `a1fd4187-9c3a-4e0b-b5f3-f8aadc6dafff` mentioned in the provided text is:

**23a4e70e-9dbc-45c0-aa7d-c57c6d9c5b50**.",vllm,full_replacement,0.01,0.592,40.381
niah_multiquery,['9742856' '8590804' '6843509' '2637842'],4096,":

- Exotic-rape: 9742856
- Noxious-pearl: 8590804
- Plain-weed: 6843509
- Periodic-orchard: 2637842
</think>

The special magic numbers for the specified categories mentioned in the text are as follows:

- **Exotic-rape**: 9742856  
- **Noxious-pearl**: 8590804  
- **Plain-weed**: 6843509",vllm,full_replacement,0.01,0.592,40.381
niah_single_3,['715629ee-e893-4e3d-b354-ea6f61607459'],4096,": 715629ee-e893-4e3d-b354-ea6f61607459.
</think>

The special magic UUID for recondite-wiring mentioned in the provided text is:

**715629ee-e893-4e3d-b354-ea6f61607459**",vllm,full_replacement,0.01,0.592,40.381
niah_single_3,['345af934-b42a-4d93-9aba-0f15b2149062'],4096,": 345af934-b42a-4d93-9aba-0f15b2149062.
</think>

The special magic uuid for frantic-tale mentioned in the provided text is: **345af934-b42a-4d93-9aba-0f15b2149062**.",vllm,full_replacement,0.01,0.592,40.381
niah_multiquery,['5521644' '2532210' '1348050' '1674975'],4096,":

- Unequaled-atmosphere: 5521644
- Adamant-waveform: 2532210
- Flagrant-woodshed: 1348050
- Smelly-fascia: 1674975
</think>

The special magic numbers for the specified categories mentioned in the text are as follows:

- **Unequaled-atmosphere**: 5521644  
- **Adamant-waveform**: 2532210  
- **Flagrant-woodshed**: 13",vllm,full_replacement,0.01,0.592,40.381
niah_single_2,['2147909'],4096,"2147909.
</think>

The special magic number for swanky-dozen mentioned in the provided text is **2147909**.",vllm,full_replacement,0.01,0.592,40.381
niah_single_3,['67814c1f-cc53-4e36-addc-3e13ab3b4d37'],4096,": 67814c1f-cc53-4e36-addc-3e13ab3b4d37.
</think>

The special magic uuid for inquisitive-library mentioned in the provided text is: **67814c1f-cc53-4e36-addc-3e13ab3b4d37**.",vllm,full_replacement,0.01,0.592,40.381
niah_multikey_1,['2089275'],4096,"2089275.
</think>

The special magic number for **needy-deathwatch** mentioned in the provided text is **2089275**.",vllm,full_replacement,0.01,0.592,40.381
niah_multiquery,['1752920' '4350161' '3446428' '7271672'],4096,":

- Numerous-jury: 1752920
- Flipped-out-paperwork: 4350161
- Tacit-fluke: 3446428
- Various-coverall: 7271672
</think>

The special magic numbers for the specified categories mentioned in the text are as follows:

- **Numerous-jury**: 1752920  
- **Flipped-out-paperwork**: 4350161  
- **Tacit-fluke**: 3446428  
-",vllm,full_replacement,0.01,0.592,40.381
niah_single_1,['1229419'],4096,"1229419.
</think>

The special magic number for scattered-trench mentioned in the provided text is **1229419**.",vllm,full_replacement,0.01,0.592,40.381
niah_single_1,['6338112'],4096,"6338112.
</think>

The special magic number for amused-veto mentioned in the provided text is **6338112**.",vllm,full_replacement,0.01,0.592,40.381
niah_single_3,['bd17c5e8-d5ca-49ab-8a2e-6a93c5580bb2'],4096,": bd17c5e8-d5ca-49ab-8a2e-6a93c5580bb2.
</think>

The special magic UUID for quick-native mentioned in the provided text is:

**bd17c5e8-d5ca-49ab-8a2e-6a93c5580bb2**",vllm,full_replacement,0.01,0.592,40.381
fwe,['gmebgb' 'qsyeiu' 'reuvhy'],4096,"gmebgb, qsyeiu, and mgikxv.
</think>

gmebgb, qsyeiu, mgikxv",vllm,full_replacement,0.01,0.592,40.381
niah_multikey_2,['4412989'],4096,"4412989.
</think>

The special magic number for **capable-milkshake** mentioned in the provided text is **4412989**.",vllm,full_replacement,0.01,0.592,40.381
qa_1,['Palm Springs' 'Palm Springs' 'Palm Springs'],4096,"Palm Springs
</think>

Palm Springs",vllm,full_replacement,0.01,0.592,40.381
niah_multikey_2,['5444179'],4096,"5444179.
</think>

The special magic number for **happy-bride** mentioned in the provided text is **5444179**.",vllm,full_replacement,0.01,0.592,40.381
niah_multivalue,['7245146' '2409947' '5342289' '2258076'],4096,":

1. 5342289
2. 2409947
3. 2258076
4. 7245146
</think>

The special magic numbers for **mature-commander** mentioned in the provided text are:

1. **5342289**  
2. **2409947**  
3. **2258076**  
4. **7245146**  

These numbers are explicitly stated in the text and are associated with the term """,vllm,full_replacement,0.01,0.592,40.381
niah_single_3,['c8a723e9-bfa0-46c2-809c-b50648f1096d'],4096,": c8a723e9-bfa0-46c2-809c-b50648f1096d.
</think>

The special magic uuid for stupid-sherbet mentioned in the provided text is: **c8a723e9-bfa0-46c2-809c-b50648f1096d**.",vllm,full_replacement,0.01,0.592,40.381
niah_single_2,['7067228'],4096,"**7067228**.
</think>

The special magic number for tangy-boysenberry mentioned in the provided text is **7067228**.",vllm,full_replacement,0.01,0.592,40.381
qa_1,"['NP-complete Boolean satisfiability problem'
 'NP-complete Boolean satisfiability'
 'the NP-complete Boolean satisfiability problem']",4096,"the NP-complete Boolean satisfiability problem
</think>

the NP-complete Boolean satisfiability problem",vllm,full_replacement,0.01,0.592,40.381
qa_1,"['A probabilistic Turing machine' 'probabilistic'
 'probabilistic Turing machine']",4096,"probabilistic Turing machine
</think>

probabilistic Turing machine",vllm,full_replacement,0.01,0.592,40.381
qa_2,['author'],4096,"</think>

screenwriting and novel writing",vllm,full_replacement,0.01,0.592,40.381
fwe,['frxhxt' 'qyhgtv' 'rtvpqv'],4096,"frxhxt, qyhgtv, and kxedzq.
</think>

Answer: frxhxt, qyhgtv, kxedzq",vllm,full_replacement,0.01,0.592,40.381
niah_single_3,['c9dc72b8-5b6a-4102-8428-7378bf5023f4'],4096,": c9dc72b8-5b6a-4102-8428-7378bf5023f4.
</think>

The special magic UUID for gaping-member mentioned in the provided text is: **c9dc72b8-5b6a-4102-8428-7378bf5023f4**.",vllm,full_replacement,0.01,0.592,40.381
qa_2,['1943'],4096,"1943
</think>

1943",vllm,full_replacement,0.01,0.592,40.381
niah_single_2,['5255545'],4096,"5255545.
</think>

The special magic number for lively-inn mentioned in the provided text is **5255545**.",vllm,full_replacement,0.01,0.592,40.381
niah_multivalue,['7267813' '7636992' '2695038' '6646557'],4096,":

1. 2695038
2. 7636992
3. 6646557
4. 7267813
</think>

The special magic numbers for **bloody-pillow** mentioned in the provided text are:

1. **2695038**  
2. **7636992**  
3. **6646557**  
4. **7267813**  

These numbers are explicitly stated in the text and are referred to as ""special",vllm,full_replacement,0.01,0.592,40.381
niah_multikey_1,['9692311'],4096,"**9692311**.
</think>

The special magic number for **creepy-juice** mentioned in the provided text is **9692311**.",vllm,full_replacement,0.01,0.592,40.381
niah_multiquery,['7352484' '4942645' '8517846' '8702329'],4096,":

- **boundless-icon**: 8702329
- **melodic-linkage**: 4942645
- **obeisant-blowgun**: 8517846
- **scattered-lawn**: 7352484
</think>

The special magic numbers for the specified categories mentioned in the text are as follows:

- **boundless-icon**: 8702329  
- **melodic-linkage**: 4942645  
- **obeisant-blowgun**: 851",vllm,full_replacement,0.01,0.592,40.381
niah_single_1,['9648751'],4096,"9648751.
</think>

The special magic number for **stingy-hostess** mentioned in the provided text is:

**9648751** ✅

This number is explicitly stated in the text:

> **One of the special magic numbers for stingy-hostess is: 9648751.**

The rest of the text consists of repeated lines about the grass, sky, sun, and a phrase (""Here we go. There and back again."") which appears to be a red herring or a distraction. The key detail is the line that directly mentions the",vllm,full_replacement,0.01,0.592,40.381
qa_2,['Scott Sidney'],4096,"</think>

Alain Resnais",vllm,full_replacement,0.01,0.592,40.381
qa_1,['economically' 'economically' 'economically'],4096,"economically
</think>

economically",vllm,full_replacement,0.01,0.592,40.381
niah_single_2,['7754864'],4096,"7754864.
</think>

The special magic number for axiomatic-tremor mentioned in the provided text is **7754864**.",vllm,full_replacement,0.01,0.592,40.381
niah_single_2,['3182975'],4096,"3182975.
</think>

The special magic number for little-petal mentioned in the provided text is **3182975**.",vllm,full_replacement,0.01,0.592,40.381
niah_single_2,['9240971'],4096,"9240971.
</think>

The special magic number for volatile-surge mentioned in the provided text is **9240971**.",vllm,full_replacement,0.01,0.592,40.381
niah_multikey_3,['87e504ce-1c17-4c69-9535-99c6c379b61d'],4096,": 87e504ce-1c17-4c69-9535-99c6c379b61d6d.
</think>

The special magic UUID for `1a9e82f

The special magic UUID for `1a9e82f
</think>

</think>

Okay

Okay, 87e504c3.

Waited4c69c379b7e587e5

** is:  
**87e504ce-4ce-45.
</think>",vllm,full_replacement,0.01,0.592,40.381
niah_single_3,['8e85140d-0f9a-4b70-8670-7cd64ceda164'],4096,": 8e85140d-0f9a-4b70-8670-7cd64ceda164.
</think>

The special magic UUID for momentous-crust mentioned in the provided text is:

**8e85140d-0f9a-4b70-8670-7cd64ceda164**",vllm,full_replacement,0.01,0.592,40.381
niah_single_1,['8290770'],4096,"8290770.
</think>

The special magic number for squealing-influx mentioned in the provided text is **8290770**.",vllm,full_replacement,0.01,0.592,40.381
cwe,"['decline' 'waitress' 'uniformity' 'ask' 'atelier' 'junket' 'church'
 'retention' 'snake' 'agriculture']",4096,"1. retention 2. agriculture 3. atelier 4. junket 5. snake 6. church 7. ask 8. uniformity 9. waitress 10. decline
</think>

To determine the 10 most common words in the given list, we need to count the frequency of each word and then rank them from most to least frequent.

### Step-by-step Analysis:

1. **List the words** and count their occurrences.
2. **Sort the words** by frequency in descending order.
3. **Select the top 10** words.

### Word Frequency Count:

-",vllm,full_replacement,0.01,0.592,40.381
fwe,['dznynv' 'pwvgox' 'skmtng'],4096,"dznynv, pwvgox, and jgaxre.
</think>

Answer: dznynv, pwvgox, jgaxre",vllm,full_replacement,0.01,0.592,40.381
niah_single_1,['7089806'],4096,"7089806.
</think>

The special magic number for colossal-duck mentioned in the provided text is **7089806**.",vllm,full_replacement,0.01,0.592,40.381
fwe,['dtpgpe' 'pkwkfe' 'pvyqym'],4096,"dtpgpe, pvyqym, and pkwkfe.
</think>

Answer: dtpgpe, pvyqym, pkwkfe",vllm,full_replacement,0.01,0.592,40.381
niah_multivalue,['8375356' '7972975' '9124385' '8792046'],4096,":

1. 9124385
2. 7972975
3. 8792046
4. 8375356
</think>

The special magic numbers for different-harbor mentioned in the provided text are:

1. **9124385**  
2. **7972975**  
3. **8792046**  
4. **8375356**",vllm,full_replacement,0.01,0.592,40.381
qa_2,['defensive coordinator'],4096,"defensive coordinator


defensive coordinator",vllm,full_replacement,0.01,0.592,40.381
niah_single_1,['9646569'],4096,"9646569.
</think>

The special magic number for tasty-consul mentioned in the provided text is **9646569**.",vllm,full_replacement,0.01,0.592,40.381
niah_multikey_3,['d33343eb-08ec-4357-bddb-bed37e4648a5'],4096,": d33343eb-08ec-4357-bddb-bed37e4648a5.
</think>

The special magic UUID for `5fdc70ee-224a-45d1-adb6-bbd8125d0ae6` mentioned in the provided text is:

**d33343eb-08ec-4357-bddb-bed37e4648a5**.",vllm,full_replacement,0.01,0.592,40.381
cwe,"['grid' 'easy' 'spiffy' 'airfield' 'nifty' 'buze' 'damp' 'lottery' 'barn'
 'bandana']",4096,"1. barn 2. spiffy 3. bandana 4. lottery 5. damp 6. nifty 7. buze 8. grid 9. spiffy 10. barn
</think>

To determine the **10 most common words** in the given list, we need to count the frequency of each word and then list the top 10 based on that frequency.

---

### Step-by-Step Process:

1. **List all the words** from the numbered list.
2. **Count the frequency** of each word.
3. **Sort the words** by frequency",vllm,full_replacement,0.01,0.592,40.381
qa_2,['John John Florence'],4096,"John John Florence
</think>

John John Florence",vllm,full_replacement,0.01,0.592,40.381
qa_2,['1944'],4096,"1944
</think>

1944",vllm,full_replacement,0.01,0.592,40.381
niah_multikey_1,['5942041'],4096,"5942041.
</think>

The special magic number for gaping-civilization mentioned in the provided text is **5942041**.",vllm,full_replacement,0.01,0.592,40.381
niah_multivalue,['5597283' '2565985' '7047102' '5200835'],4096,":

1. 7047102
2. 2565985
3. 5200835
4. 5597283
</think>

The special magic numbers for difficult-locust mentioned in the provided text are:

1. **7047102**  
2. **2565985**  
3. **5200835**  
4. **5597283**",vllm,full_replacement,0.01,0.592,40.381
qa_2,['2014'],4096,"2014
</think>

2014",vllm,full_replacement,0.01,0.592,40.381
fwe,['fjnmov' 'olkknp' 'pwkedz'],4096,"fjnmov, olkknp, and pwkedz.
</think>

Answer: fjnmov, olkknp, pwkedz",vllm,full_replacement,0.01,0.592,40.381
qa_2,"['Istanbul, Turkey']",4096,"İstanbul
</think>

İstanbul",vllm,full_replacement,0.01,0.592,40.381
niah_multivalue,['8189168' '5682726' '5433204' '3182154'],4096,":

1. 5433204
2. 5682726
3. 3182154
4. 8189168
</think>

The special magic numbers for ambiguous-cup mentioned in the provided text are:

1. **5433204**  
2. **5682726**  
3. **3182154**  
4. **8189168**",vllm,full_replacement,0.01,0.592,40.381
niah_multiquery,['8852085' '4234838' '9796605' '3251501'],4096,":

- Quack-duration: 8852085
- Groovy-distance: 4234838
- Tested

The special magic numbers mentioned in the text are:

- Tested-samovar: 9796605
</think>

The special magic numbers for the specified categories mentioned in the text are:

- Quack-duration: 8852085
- Groovy-distance: 4234838
- Tested-samovar: 9796605
- Tested-samovar: 97",vllm,full_replacement,0.01,0.592,40.381
cwe,"['wisdom' 'currant' 'cast' 'energy' 'sassy' 'fridge' 'ripe' 'personnel'
 'restroom' 'clever']",4096,"1. cast 2. personnel 3. sassy 4. fridge 5. currant 6. ripe 7. wisdom 8. clever 9. restroom 10. energy
</think>

To determine the **10 most common words** in the given list, we need to count the frequency of each word and then rank them from most to least frequent.

---

### Step-by-Step Process:

1. **List all the words** from the numbered list.
2. **Count the frequency** of each word.
3. **Sort the words** by frequency in descending order.
4. **Select",vllm,full_replacement,0.01,0.592,40.381
niah_multikey_1,['4161264'],4096,"4161264.
</think>

The special magic number for **lamentable-bombing** mentioned in the provided text is **4161264**.",vllm,full_replacement,0.01,0.592,40.381
niah_single_1,['2147909'],4096,"2147909.
</think>

The special magic number for swanky-dozen mentioned in the provided text is **2147909**.",vllm,full_replacement,0.01,0.592,40.381
fwe,['evdlxb' 'okwipf' 'piwkmk'],4096,"evdlxb, okwipf, and piwkmk.
</think>

evdlxb, okwipf, piwkmk",vllm,full_replacement,0.01,0.592,40.381
niah_multikey_3,['444dc21c-ffe6-4a54-a5aa-aa628295a3f9'],4096,": 444dc21c-ffe6-4a54-a5aa-aa628295a3f9.
</think>

The special magic UUID for `e20b0960-240960-2404-4095-ac2895-ac28-d528785c6e2e` mentioned in the provided text is:

**444dc21c-ffe6-4a54-a5aa-aa62e-aa628295a3",vllm,full_replacement,0.01,0.592,40.381
niah_single_2,['3846949'],8192,": 3846949.
</think>

The special magic number mentioned in the text is **3846949**.",vllm,full_replacement,0.01,0.592,40.381
niah_multiquery,['9742856' '8590804' '6843509' '2637842'],8192,":

- Exotic-rape: 9742856
- Noxious-pearl: 8590804
- Plain-weed: 6843509
- Periodic-orchard: 2637842
</think>

The special magic numbers for the specified categories mentioned in the text are:

- **Exotic-rape**: 9742856  
- **Noxious-pearl**: 8590804  
- **Plain-weed**: 6843509  
- **",vllm,full_replacement,0.01,0.592,40.381
qa_1,['Inland Empire' 'Temecula and Murrieta'],8192,"the San Diego metropolitan area
</think>

the San Diego metropolitan area",vllm,full_replacement,0.01,0.592,40.381
niah_single_2,['2516313'],8192,"2516313.
</think>

The special magic number for finicky-corruption mentioned in the provided text is **2516313**.",vllm,full_replacement,0.01,0.592,40.381
niah_multikey_3,['f9285706-577c-4717-836a-58870a5a2698'],8192,": f9285706-577c-4717-836a-58870a5a2698.
</think>

The special magic UUID for `17cb67b8-6d0f-44e6-a174-a7856f2190cb` is:

**f9285706-577c-4717-836a-58870a5a2698**",vllm,full_replacement,0.01,0.592,40.381
niah_multiquery,['3290672' '1899447' '1160783' '6277776'],8192,"as follows:

1. **Pleasant-awe**: 3290672
2. **Odd-library**: 1899447
3. **Lacking-spark**: 1160783
4. **Elderly-drill**: 6277776

These numbers are explicitly mentioned in the text and are associated with the respective categories as indicated.
</think>

The special magic numbers for the specified categories mentioned in the text are:

- **Pleasant-awe**: **3290672**  
- **Odd-library**:",vllm,full_replacement,0.01,0.592,40.381
niah_single_3,['26242b40-a5cb-43a2-b98d-1ca68b6870b5'],8192,": 26242b40-a5cb-43a2-b98d-1ca68b6870b5.
</think>

The special magic UUID for concerned-tabernacle mentioned in the provided text is:

**26242b40-a5cb-43a2-b98d-1ca68b6870b5**",vllm,full_replacement,0.01,0.592,40.381
niah_single_3,['af521b94-f186-447a-a794-63208cf6e8b8'],8192,": af521b94-f186-447a-a794-63208cf6e8b8.
</think>

The special magic UUID for puffy-crash mentioned in the provided text is:

**af521b94-f186-447a-a794-63208cf6e8b8**",vllm,full_replacement,0.01,0.592,40.381
niah_multiquery,['9125900' '9214801' '8491822' '6008935'],8192,"as follows:

1. **Rough-scene**: 9125900
2. **Sour-mechanic**: 9214801
3. **Defective-presentation**: 8491822
4. **Half-part**: 6008935

These numbers are mentioned in the context of the text, and they are referred to as ""special magic numbers"" in the text.
</think>

The special magic numbers for the specified categories mentioned in the text are:

- **Rough-scene**: 9125900",vllm,full_replacement,0.01,0.592,40.381
niah_single_2,['3937176'],8192,"3937176.
</think>

The special magic number for doubtful-cap mentioned in the provided text is **3937176**.",vllm,full_replacement,0.01,0.592,40.381
niah_single_3,['9f0fda8d-0537-4ff6-96d7-b3b833094d35'],8192,": 9f0fda8d-0537-4ff6-96d7-b3b833094d35.
</think>

The special magic UUID for functional-pot mentioned in the provided text is:

**9f0fda8d-0537-4ff6-96d7-b3b833094d35**",vllm,full_replacement,0.01,0.592,40.381
niah_multikey_1,['8727886'],8192,"8727886.
</think>

The special magic number for **determined-bin** mentioned in the provided text is **8727886**.",vllm,full_replacement,0.01,0.592,40.381
niah_multiquery,['4815608' '7412371' '3302852' '5032585'],8192,":

- Rebellious-printing: 4815608
- Bumpy-lymphocyte: 7412371
- Trashy-bee: 3302852
- Mundane-telescreen: 5032585
</think>

The special magic numbers for the specified categories mentioned in the text are:

- **Rebellious-printing: 4815608  
Bumpy-lymphocyte: 7412371trashy-bee: 3302852
-",vllm,full_replacement,0.01,0.592,40.381
niah_single_1,['4769851'],8192,"4769851.
</think>

The special magic number for capricious-creme brulee mentioned in the provided text is **4769851**.",vllm,full_replacement,0.01,0.592,40.381
niah_single_1,['3551903'],8192,"3551903.
</think>

The special magic number for lying-deviation mentioned in the provided text is **3551903**.",vllm,full_replacement,0.01,0.592,40.381
niah_single_3,['87079ad4-80be-4e35-a1c2-645ac7332304'],8192,": 87079ad4-80be-4e35-a1c2-645ac7332304.
</think>

The special magic UUID for habitual-espadrille mentioned in the provided text is:

**87079ad4-80be-4e35-a1c2-645ac733232304**",vllm,full_replacement,0.01,0.592,40.381
fwe,['qplshr' 'qqhjdc' 'gmtwsb'],8192,"qplshr, qqhjdc, and gmtwsb.
</think>

qplshr, qqhjdc, gmtwsb",vllm,full_replacement,0.01,0.592,40.381
niah_multikey_2,['9086649'],8192,"9086649.
</think>

The special magic number for **zonked-tepee** is **9086649**.",vllm,full_replacement,0.01,0.592,40.381
qa_1,['Palm Springs' 'Palm Springs' 'Palm Springs'],8192,"Palm Springs
</think>

Palm Springs",vllm,full_replacement,0.01,0.592,40.381
niah_multikey_2,['6838180'],8192,"6838180.
</think>

The special magic number for **synonymous-scarf** mentioned in the provided text is **6838180**.",vllm,full_replacement,0.01,0.592,40.381
niah_multivalue,['1437264' '6349877' '4674549' '1491630'],8192,":

1. 4674549
2. 6349877
3. 1491630
4. 1437264
</think>

The special magic numbers for earsplitting-dragonfruit mentioned in the provided text are:

1. **4674549**  
2. **6349877**  
3. **1491630**  
4. **1437264**",vllm,full_replacement,0.01,0.592,40.381
niah_single_3,['38d77b9a-e916-4a57-b248-23ab177a8a5f'],8192,": 38d77b9a-e916-4a57-b248-23ab177a8a5f.
</think>

The special magic uuid for nosy-sensitivity mentioned in the provided text is: **38d77b9a-e916-4a57-b248-23ab177a8a5f**.",vllm,full_replacement,0.01,0.592,40.381
niah_single_2,['5528972'],8192,"5528972.
</think>

The special magic number for lovely-basil mentioned in the provided text is **5528972**.",vllm,full_replacement,0.01,0.592,40.381
qa_1,"['NP-complete Boolean satisfiability problem'
 'NP-complete Boolean satisfiability'
 'the NP-complete Boolean satisfiability problem']",8192,"</think>

Boolean satisfiability problem",vllm,full_replacement,0.01,0.592,40.381
qa_1,"['A probabilistic Turing machine' 'probabilistic'
 'probabilistic Turing machine']",8192,"probabilistic Turing machine
</think>

probabilistic Turing machine",vllm,full_replacement,0.01,0.592,40.381
qa_2,['author'],8192,"</think>

screenwriter and novelist",vllm,full_replacement,0.01,0.592,40.381
fwe,['rbvoik' 'rfdzkt' 'hakvdl'],8192,"rbvoik, rfdzkt, and hakvdl.
</think>

Answer: rbvoik, rfdzkt, hakvdl",vllm,full_replacement,0.01,0.592,40.381
niah_single_3,['493e904d-30ec-4796-a59b-457fc0d7ac73'],8192,": 493e904d-30ec-4796-a59b-457fc0d7ac73.
</think>

The special magic UUID for alike-dishwasher mentioned in the provided text is:

**493e904d-30ec-4796-a59b-457fc0d7ac73**",vllm,full_replacement,0.01,0.592,40.381
qa_2,['1943'],8192,"1992
</think>

1992",vllm,full_replacement,0.01,0.592,40.381
niah_single_2,['6202210'],8192,"6202210.
</think>

The special magic number for husky-cape mentioned in the provided text is **6202210**.",vllm,full_replacement,0.01,0.592,40.381
niah_multivalue,['7297287' '2701688' '9044494' '4784650'],8192,":

1. 9044494
2. 2701688
3. 4784650
4. 7297287
</think>

The special magic numbers for kaput-collagen mentioned in the provided text are:

1. **9044494**  
2. **2701688**  
3. **4784650**  
4. **7297287**",vllm,full_replacement,0.01,0.592,40.381
niah_multikey_1,['3673322'],8192,"3673322.
</think>

The special magic number for **elite-placode** mentioned in the provided text is **3673322**.",vllm,full_replacement,0.01,0.592,40.381
niah_multiquery,['8597490' '6752216' '9594877' '3318275'],8192,":

- Heavy-penalty: 8597490
- Many-spear: 6752216
- Moldy-credential: 9594877
- Daffy-sun: 3318275
</think>

The special magic numbers for the specified categories mentioned in the text are:

- **Heavy-penalty**: 8597**  
- **Many-spear**: 675216  
- **Moldy-credential**: 9594877  
- **Daffy-s",vllm,full_replacement,0.01,0.592,40.381
niah_single_1,['1652868'],8192,"1652868.
</think>

The special magic number for animated-abuse mentioned in the provided text is **1652868**.",vllm,full_replacement,0.01,0.592,40.381
qa_2,['Scott Sidney'],8192,"Alain Resnais
</think>

Alain Resnais",vllm,full_replacement,0.01,0.592,40.381
qa_1,['economically' 'economically' 'economically'],8192,"economically
</think>

economically",vllm,full_replacement,0.01,0.592,40.381
niah_single_2,['3762152'],8192,"3762152.
</think>

The special magic number for aware-judo mentioned in the provided text is **3762152**.",vllm,full_replacement,0.01,0.592,40.381
niah_single_2,['4794319'],8192,"4794319.
</think>

The special magic number for sloppy-possible mentioned in the provided text is **4794319**.",vllm,full_replacement,0.01,0.592,40.381
niah_single_2,['7189302'],8192,"7189302.
</think>

The special magic number for large-cantaloupe mentioned in the provided text is **7189302**.",vllm,full_replacement,0.01,0.592,40.381
niah_multikey_3,['1934850a-e8ff-4869-b759-5b46d1264de7'],8192,": 1934850a-e8ff-4869-b759-5b46d1264de7.
</think>

The special magic UUID for `c43cd8ec-5a87-427a-a7d4-ca94b438e3b8` is:

**`1934850a-e8ff-4869-b759-5b46d1264de7`** ✅",vllm,full_replacement,0.01,0.592,40.381
niah_single_3,['d453f867-b97e-4224-891f-691217abb863'],8192,": d453f867-b97e-4224-891f-691217abb863.
</think>

The special magic uuid for likeable-query mentioned in the provided text is: **d453f867-b97e-4224-891f-691217abb863) is an American author known for his work in the science fiction and fantasy genres. He is the co-author of the *Expanse* series with Ty Franck, and has also written standalone novels such as",vllm,full_replacement,0.01,0.592,40.381
niah_single_1,['4188992'],8192,"4188992.
</think>

The special magic number for smelly-root mentioned in the provided text is **4188992**.",vllm,full_replacement,0.01,0.592,40.381
cwe,"['outstanding' 'vigorous' 'phrase' 'doctrine' 'snowman' 'singing'
 'gelatin' 'unique' 'asparagus' 'gown']",8192,"1. asparagus 2. phrase 3. snowman 4. doctrine 5. unique 6. gown 7. vigorous 8. gelatin 9. singer 10. gown
</think>

To determine the **10 most common words** in the given list, we need to count the frequency of each word and then list the top 10 based on that frequency.

---

### Step-by-Step Process:

1. **List all the words** from the numbered list.
2. **Count the frequency** of each word.
3. **Sort the words** by frequency in descending order.",vllm,full_replacement,0.01,0.592,40.381
fwe,['qiuwqq' 'qjiqmp' 'gpkrgi'],8192,"qiuwqq, qjiqmp, and xuoeem.
</think>

qiuwqq, qjiqmp, xuoeem",vllm,full_replacement,0.01,0.592,40.381
niah_single_1,['9852897'],8192,"9852897.
</think>

The special magic number for good-pharmacopoeia mentioned in the provided text is **9852897**.",vllm,full_replacement,0.01,0.592,40.381
fwe,['pxvsgw' 'pysupz' 'fmmvgz'],8192,"pxvsgw, pysupz, and fmmvgz.
</think>

Answer: pxvsgw, pysupz, fmmvgz",vllm,full_replacement,0.01,0.592,40.381
niah_multivalue,['1137194' '2803501' '8229768' '3247055'],8192,":

1. 8229768
2. 2803501
3. 3247055
4. 1137194
</think>

The special magic numbers for roomy-hound mentioned in the provided text are:

1. **8229768**  
2. **2803501**  
3. **3247055**  
4. **1137194**",vllm,full_replacement,0.01,0.592,40.381
qa_2,['defensive coordinator'],8192,"defensive coordinator


defensive coordinator",vllm,full_replacement,0.01,0.592,40.381
niah_single_1,['8669093'],8192,"8669093.
</think>

The special magic number for tense-statute mentioned in the provided text is **8669093**.",vllm,full_replacement,0.01,0.592,40.381
niah_multikey_3,['4f24d4a7-21ac-4998-91e7-7117c5162140'],8192,": 4f24d4a7-21ac-4998-91e7-7117c5162140.
</think>

The special magic UUID for `5d7cae33-0b00-4090-acb7-8ef3fe628562` is:

**4f24d4a7-21ac-4998-91e7-7117c5162140**",vllm,full_replacement,0.01,0.592,40.381
cwe,"['specification' 'newspaper' 'oldie' 'gamy' 'radio' 'rainbow' 'reserve'
 'swivel' 'hunger' 'pit']",8192,"1. swivel 2. newspaper 3. hunger 4. gamy 5. radio 6. oldie 7. reserve 8. specification 9. pit 10. gamy
</think>

To determine the **10 most common words** in the given list, we need to count the frequency of each word and then list the top 10 based on that frequency.

---

### Step-by-Step Process:

1. **List all the words** from the numbered list.
2. **Count the frequency** of each word.
3. **Sort the words** by frequency in descending order",vllm,full_replacement,0.01,0.592,40.381
qa_2,['John John Florence'],8192,"John John Florence
</think>

John John Florence",vllm,full_replacement,0.01,0.592,40.381
qa_2,['1944'],8192,"1944
</think>

1944",vllm,full_replacement,0.01,0.592,40.381
niah_multikey_1,['4407796'],8192,"4407796.
</think>

The special magic number for **harsh-hospital** mentioned in the provided text is **4407796**.",vllm,full_replacement,0.01,0.592,40.381
niah_multivalue,['7442986' '6897789' '8203947' '6276495'],8192,":

1. 8203947
2. 6897789
3. 6276495
4. 7442986
</think>

The special magic numbers for spicy-skating mentioned in the provided text are:

1. **8203947**  
2. **68203947**  
2. **68977**  
2. **6897789**  
3.**  
3. **6276495**  
4.**",vllm,full_replacement,0.01,0.592,40.381
qa_2,['2014'],8192,"2008
</think>

2008",vllm,full_replacement,0.01,0.592,40.381
fwe,['pooula' 'prbezn' 'gjksel'],8192,"pooula, gjksel, and prbezn.
</think>

pooula, gjksel, prbezn",vllm,full_replacement,0.01,0.592,40.381
qa_2,"['Istanbul, Turkey']",8192,"İstanbul
</think>

İstanbul",vllm,full_replacement,0.01,0.592,40.381
niah_multivalue,['9535166' '8475204' '9167227' '1735708'],8192,":

1. 9167227
2. 8475204
3. 1735708
4. 9535166
</think>

The special magic numbers for rainy-sauce mentioned in the provided text are:

1. **9167227**  
2. **8475204**  
3. **1735708**  
4. **9535166**  

These numbers are explicitly referenced in the text as ""one of the special magic numbers for rainy",vllm,full_replacement,0.01,0.592,40.381
niah_multiquery,['3213658' '1968662' '8757420' '7969667'],8192,":

- **old-linseed**: 3213658
- **optimal-poncho**: 1968662
- **shaggy-sailboat**: 8757420
- **ragged-infancy**: 7969667
</think>

The special magic numbers for the specified terms mentioned in the text are as follows:

- **old-linseed**: **3213658**  
- **optimal-poncho**: **1968662**  
- **shaggy-sail",vllm,full_replacement,0.01,0.592,40.381
cwe,"['orangutan' 'gastropod' 'lute' 'arthur' 'curd' 'colonial' 'actress'
 'catacomb' 'mast' 'absurd']",8192,"1. lute 2. mast 3. arthur 4. curd 5. gastropod 6. actress 7. colonial 8. catacomb 9. absurd 10. orchestra
</think>

To determine the **10 most common words** in the given list, we need to count the frequency of each word and then list the top 10 based on that frequency.

---

### Step-by-Step Process:

1. **List all the words** from the numbered list.
2. **Count the frequency** of each word.
3. **Sort the words** by frequency in",vllm,full_replacement,0.01,0.592,40.381
niah_multikey_1,['2699372'],8192,"2699372.
</think>

The special magic number for worried-hut mentioned in the provided text is **2699372**.",vllm,full_replacement,0.01,0.592,40.381
niah_single_1,['2516313'],8192,"2516313.
</think>

The special magic number for finicky-corruption mentioned in the provided text is **2516313**.",vllm,full_replacement,0.01,0.592,40.381
fwe,['rlowep' 'rykimj' 'hovqiq'],8192,"rlowep, rykimj, and hovqiq.
</think>

Answer: rlowep, rykimj, hovqiq",vllm,full_replacement,0.01,0.592,40.381
niah_multikey_3,['3945cac7-3f99-45a7-8af4-b5da33cd1fed'],8192,": 3945cac7-3f99-45a7-8af4-b5da33cd1fed.
</think>

The special magic UUID for `8084f1d1-fe82-4a8d-866b-c7a55d302449` is:

**3945cac7-3f99-45a7-8af4-b5da33cd1fed**.",vllm,full_replacement,0.01,0.592,40.381
niah_single_2,['6188935'],4096,"6188935.
</think>

The special magic number for questionable-tangerine mentioned in the provided text is **6188935**.",vllm,full_replacement,0.25,0.562,40.377
niah_multiquery,['7373495' '6573679' '1113537' '8385715'],4096,":

- **Swift-pigeon**: 7373495
- **Mammoth-caution**: 6573679
- **Homeless-octagon**: 1113537
- **Impossible-frenzy**: 8385715

These numbers are explicitly stated in the text and are associated with the respective categories as mentioned.
</think>

The special magic numbers for the specified categories mentioned in the text are:

- **Swift-pigeon**: **7373495**  
- **Mammoth-caution**: **6",vllm,full_replacement,0.25,0.562,40.377
qa_1,['Inland Empire' 'Temecula and Murrieta'],4096,"the San Diego metropolitan area
</think>

the San Diego metropolitan area",vllm,full_replacement,0.25,0.562,40.377
niah_single_2,['8387112'],4096,"8387112.
</think>

The special magic number for chivalrous-barometer mentioned in the provided text is **8387112**.",vllm,full_replacement,0.25,0.562,40.377
niah_multikey_3,['23a4e70e-9dbc-45c0-aa7d-c57c6d9c5b50'],4096,": 23a4e70e-9dbc-45c0-aa7d-c57c6d9c5b50.
</think>

The special magic UUID for `a1fd4187-9c3a-4e0b-b5f3-f8aadc6dafff` mentioned in the provided text is:

**23a4e70e-9dbc-45c0-aa7d-c57c6d9c5b50**.",vllm,full_replacement,0.25,0.562,40.377
niah_multiquery,['9742856' '8590804' '6843509' '2637842'],4096,":

- Exotic-rape: 9742856
- Noxious-pearl: 8590804
- Plain-weed: 6843509
- Periodic-orchard: 2637842
</think>

The special magic numbers for the specified categories mentioned in the text are as follows:

- **Exotic-rape**: 9742856  
- **Noxious-pearl**: 8590804  
- **Plain-weed**: 6843509",vllm,full_replacement,0.25,0.562,40.377
niah_single_3,['715629ee-e893-4e3d-b354-ea6f61607459'],4096,": 715629ee-e893-4e3d-b354-ea6f61607459.
</think>

The special magic uuid for recondite-wiring mentioned in the provided text is: **715629ee-e893-4e3d-b354-ea6f61607459**.",vllm,full_replacement,0.25,0.562,40.377
niah_single_3,['345af934-b42a-4d93-9aba-0f15b2149062'],4096,": 345af934-b42a-4d93-9aba-0f15b2149062.
</think>

The special magic UUID for **frantic-tale** mentioned in the provided text is:

**345af934-b42a-4d93-9aba-0f15b2149062**.",vllm,full_replacement,0.25,0.562,40.377
niah_multiquery,['5521644' '2532210' '1348050' '1674975'],4096,":

- Unequaled-atmosphere: 5521644
- Adamant-waveform: 2532210
- Flagrant-woodshed: 1348050
- Smelly-fascia: 1674975
</think>

The special magic numbers for the specified categories mentioned in the text are as follows:

- **Unequaled-atmosphere**: 5521644  
- **Adamant-waveform**: 2532210  
- **Flagrant-woodshed**: 13",vllm,full_replacement,0.25,0.562,40.377
niah_single_2,['2147909'],4096,"**2147909**.
</think>

The special magic number for swanky-dozen mentioned in the provided text is **2147909**.",vllm,full_replacement,0.25,0.562,40.377
niah_single_3,['67814c1f-cc53-4e36-addc-3e13ab3b4d37'],4096,": 67814c1f-cc53-4e36-addc-3e13ab3b4d37.
</think>

The special magic uuid for inquisitive-library mentioned in the provided text is: **67814c1f-cc53-4e36-addc-3e13ab3b4d37**.",vllm,full_replacement,0.25,0.562,40.377
niah_multikey_1,['2089275'],4096,"2089275.
</think>

The special magic number for **nty-deathwatch** mentioned in the provided text is **2089275**.",vllm,full_replacement,0.25,0.562,40.377
niah_multiquery,['1752920' '4350161' '3446428' '7271672'],4096,":

- Flipped-out-paperwork: 4350161
- Numerous-jury: 1752920
- Tacit-fluke: 3446428
- Various-coverall: 7271672
</think>

The special magic numbers for the specified categories mentioned in the text are as follows:

- **Flipped-out-paperwork**: **4350161**  
- **Numerous-jury**: **1752920**  
- **Tacit-fluke**: **3446428",vllm,full_replacement,0.25,0.562,40.377
niah_single_1,['1229419'],4096,"1229419.
</think>

The special magic number for scattered-trench mentioned in the provided text is **1229419**.",vllm,full_replacement,0.25,0.562,40.377
niah_single_1,['6338112'],4096,"6338112.
</think>

The special magic number for **amused-veto** mentioned in the provided text is:

**6338112**

This number is explicitly stated in the text as:

> ""One of the special magic numbers for amused-veto is: 6338112.""

Therefore, the answer is **6338112**.",vllm,full_replacement,0.25,0.562,40.377
niah_single_3,['bd17c5e8-d5ca-49ab-8a2e-6a93c5580bb2'],4096,": bd17c5e8-d5ca-49ab-8a2e-6a93c5580bb2.
</think>

The special magic UUID for quick-native mentioned in the provided text is: **bd17c5e8-d5ca-49ab-8a2e-6a93c5580bb2**.",vllm,full_replacement,0.25,0.562,40.377
fwe,['gmebgb' 'qsyeiu' 'reuvhy'],4096,"gmebgb, qsyeiu, and mgikxv.
</think>

gmebgb, qsyeiu, mgikxv",vllm,full_replacement,0.25,0.562,40.377
niah_multikey_2,['4412989'],4096,"4412989.
</think>

The special magic number for **capable-milkshake** mentioned in the provided text is **4412989**.",vllm,full_replacement,0.25,0.562,40.377
qa_1,['Palm Springs' 'Palm Springs' 'Palm Springs'],4096,"Palm Springs
</think>

Palm Springs",vllm,full_replacement,0.25,0.562,40.377
niah_multikey_2,['5444179'],4096,"5444179.
</think>

The special magic number for **happy-bride** mentioned in the provided text is **5444179**.",vllm,full_replacement,0.25,0.562,40.377
niah_multivalue,['7245146' '2409947' '5342289' '2258076'],4096,":

1. 5342289
2. 2409947
3. 2258076
4. 7245146
</think>

The special magic numbers for **mature-commander** mentioned in the provided text are:

1. **5342289**  
2. **2409947**  
3. **2258076**  
4. **7245146**  

These numbers are explicitly stated in the text and are associated with the concept of",vllm,full_replacement,0.25,0.562,40.377
niah_single_3,['c8a723e9-bfa0-46c2-809c-b50648f1096d'],4096,": c8a723e9-bfa0-46c2-809c-b50648f1096d.
</think>

The special magic uuid for stupid-sherbet mentioned in the provided text is: **c8a723e9-bfa0-46c2-809c-b50648f1096d**.",vllm,full_replacement,0.25,0.562,40.377
niah_single_2,['7067228'],4096,"7067228.
</think>

The special magic number for tangy-boysenberry mentioned in the provided text is **7067228**.",vllm,full_replacement,0.25,0.562,40.377
qa_1,"['NP-complete Boolean satisfiability problem'
 'NP-complete Boolean satisfiability'
 'the NP-complete Boolean satisfiability problem']",4096,"the NP-complete Boolean satisfiability problem
</think>

the NP-complete Boolean satisfiability problem",vllm,full_replacement,0.25,0.562,40.377
qa_1,"['A probabilistic Turing machine' 'probabilistic'
 'probabilistic Turing machine']",4096,"probabilistic Turing machine
</think>

probabilistic Turing machine",vllm,full_replacement,0.25,0.562,40.377
qa_2,['author'],4096,"Eric Ambler and Carol Shields are both best known for their profession as a writer.
</think>

writer",vllm,full_replacement,0.25,0.562,40.377
fwe,['frxhxt' 'qyhgtv' 'rtvpqv'],4096,"frxhxt, qyhgtv, and kxedzq.
</think>

Answer: frxhxt, qyhgtv, kxedzq",vllm,full_replacement,0.25,0.562,40.377
niah_single_3,['c9dc72b8-5b6a-4102-8428-7378bf5023f4'],4096,": c9dc72b8-5b6a-4102-8428-7378bf5023f4.
</think>

The special magic UUID for gaping-member mentioned in the provided text is: **c9dc72b8-5b6a-4102-8428-7378bf5023f4**.",vllm,full_replacement,0.25,0.562,40.377
qa_2,['1943'],4096,"1943
</think>

1943",vllm,full_replacement,0.25,0.562,40.377
niah_single_2,['5255545'],4096,"5255545.
</think>

The special magic number for lively-inn mentioned in the provided text is **5255545**.",vllm,full_replacement,0.25,0.562,40.377
niah_multivalue,['7267813' '7636992' '2695038' '6646557'],4096,":

1. 2695038
2. 7636992
3. 6646557
4. 7267813
</think>

The special magic numbers for **bloody-pillow** mentioned in the provided text are:

1. **2695038**  
2. **7636992**  
3. **6646557**  
4. **7267813**  

These numbers are explicitly stated in the text and are referred to as ""special",vllm,full_replacement,0.25,0.562,40.377
niah_multikey_1,['9692311'],4096,"**9692311**.
</think>

The special magic number for creepy-juice mentioned in the provided text is **9692311**.",vllm,full_replacement,0.25,0.562,40.377
niah_multiquery,['7352484' '4942645' '8517846' '8702329'],4096,":

- Scattered-lawn: 7352484
- Melodic-linkage: 4942645
- Obeisant-blowgun: 8517846
- Boundless-icon: 8702329
</think>

The special magic numbers for the specified categories mentioned in the text are as follows:

- **Scattered-lawn**: 7352484  
- **Melodic-linkage**: 4942645  
- **Obeisant-blowgun**: 8517",vllm,full_replacement,0.25,0.562,40.377
niah_single_1,['9648751'],4096,"9648751.
</think>

The special magic number for **stingy-hostess** mentioned in the provided text is:

**9648751**.",vllm,full_replacement,0.25,0.562,40.377
qa_2,['Scott Sidney'],4096,"Alain Resnais
</think>

Alain Resnais",vllm,full_replacement,0.25,0.562,40.377
qa_1,['economically' 'economically' 'economically'],4096,"economically
</think>

economically",vllm,full_replacement,0.25,0.562,40.377
niah_single_2,['7754864'],4096,"7754864.
</think>

The special magic number for axiomatic-tremor mentioned in the provided text is **7754864**.",vllm,full_replacement,0.25,0.562,40.377
niah_single_2,['3182975'],4096,"3182975.
</think>

The special magic number for little-petal mentioned in the provided text is **3182975**.",vllm,full_replacement,0.25,0.562,40.377
niah_single_2,['9240971'],4096,"9240971.
</think>

The special magic number for volatile-surge mentioned in the provided text is **9240971**.",vllm,full_replacement,0.25,0.562,40.377
niah_multikey_3,['87e504ce-1c17-4c69-9535-99c6c379b61d'],4096,the mentioned in the text is the mentioned in the text is the mentioned in the text is the mentioned in the text is the mentioned in the text is the mentioned in the text is the mentioned in the text is the mentioned in the text is the mentioned in the text is the mentioned in the text is the mentioned in the text is the mentioned in the text is the mentioned in the text is the mentioned in the text is the mentioned in the text is the mentioned in the text is the mentioned in the text is the mentioned in the text is the mentioned in the text is the mentioned in the text is the mentioned in the text is the mentioned,vllm,full_replacement,0.25,0.562,40.377
niah_single_3,['8e85140d-0f9a-4b70-8670-7cd64ceda164'],4096,": 8e85140d-0f9a-4b70-8670-7cd64ceda164.
</think>

The special magic UUID for momentous-crust mentioned in the provided text is:

**8e85140d-0f9a-4b70-8670-7cd64ceda164**.",vllm,full_replacement,0.25,0.562,40.377
niah_single_1,['8290770'],4096,"8290770.
</think>

The special magic number for squealing-influx mentioned in the provided text is **8290770**.",vllm,full_replacement,0.25,0.562,40.377
cwe,"['decline' 'waitress' 'uniformity' 'ask' 'atelier' 'junket' 'church'
 'retention' 'snake' 'agriculture']",4096,"1. retention 2. agriculture 3. junket 4. snake 5. atelier 6. uniformity 7. church 8. waitress 9. ask 10. decline
</think>

To determine the 10 most common words in the given list, we need to count the frequency of each word and identify the top 10 based on that count.

### Step-by-Step Process:
1. **List all the words** from the numbered list.
2. **Count the frequency** of each word.
3. **Sort the words** by frequency in descending order.
4. **",vllm,full_replacement,0.25,0.562,40.377
fwe,['dznynv' 'pwvgox' 'skmtng'],4096,"dznynv, pwvgox, and jgaxre.
</think>

Answer: dznynv, pwvgox, jgaxre",vllm,full_replacement,0.25,0.562,40.377
niah_single_1,['7089806'],4096,"7089806.
</think>

The special magic number for colossal-duck mentioned in the provided text is **7089806**.",vllm,full_replacement,0.25,0.562,40.377
fwe,['dtpgpe' 'pkwkfe' 'pvyqym'],4096,"dtpgpe, pvyqym, and pkwkfe.
</think>

Answer: dtpgpe, pvyqym, pkwkfe",vllm,full_replacement,0.25,0.562,40.377
niah_multivalue,['8375356' '7972975' '9124385' '8792046'],4096,":

1. 9124385
2. 7972975
3. 8792046
4. 8375356
</think>

The special magic numbers for different-harbor mentioned in the provided text are:

1. **9124385**  
2. **7972975**  
3. **8792046**  
4. **8375356**",vllm,full_replacement,0.25,0.562,40.377
qa_2,['defensive coordinator'],4096,"defensive coordinator


defensive coordinator",vllm,full_replacement,0.25,0.562,40.377
niah_single_1,['9646569'],4096,"9646569.
</think>

The special magic number for tasty-consul mentioned in the provided text is **9646569**.",vllm,full_replacement,0.25,0.562,40.377
niah_multikey_3,['d33343eb-08ec-4357-bddb-bed37e4648a5'],4096,": d33343eb-08ec-4357-bddb-bed37e4648a5.
</think>

The special magic UUID for `5fdc70ee-224a-45d1-adb6-bbd8125d0ae6` mentioned in the provided text is:

**d33343eb-08ec-4357-bddb-bed37e4648a5**.",vllm,full_replacement,0.25,0.562,40.377
cwe,"['grid' 'easy' 'spiffy' 'airfield' 'nifty' 'buze' 'damp' 'lottery' 'barn'
 'bandana']",4096,"1. barn 2. spiffy 3. bandana 4. lottery 5. damp 6. nifty 7. buze 8. grid 9. spiffy 10. barn
</think>

To determine the 10 most common words in the list, we need to count the frequency of each word and identify the top 10 based on that count.

### Step-by-Step Process:
1. **List all the words** from the numbered list.
2. **Count the frequency** of each word.
3. **Sort the words** by frequency in descending order.",vllm,full_replacement,0.25,0.562,40.377
qa_2,['John John Florence'],4096,"John John Florence
</think>

John John Florence",vllm,full_replacement,0.25,0.562,40.377
qa_2,['1944'],4096,"1944
</think>

1944",vllm,full_replacement,0.25,0.562,40.377
niah_multikey_1,['5942041'],4096,"5942041.
</think>

The special magic number for gaping-civilization mentioned in the provided text is **5942041**.",vllm,full_replacement,0.25,0.562,40.377
niah_multivalue,['5597283' '2565985' '7047102' '5200835'],4096,":

1. 7047102
2. 2565985
3. 5200835
4. 5597283
</think>

The special magic numbers for difficult-locust mentioned in the provided text are:

1. **7047102**  
2. **2565985**  
3. **5200835**  
4. **5597283**  

These numbers are explicitly stated in the text and are referred to as ""special magic numbers",vllm,full_replacement,0.25,0.562,40.377
qa_2,['2014'],4096,"2014
</think>

2014",vllm,full_replacement,0.25,0.562,40.377
fwe,['fjnmov' 'olkknp' 'pwkedz'],4096,"fjnmov, olkknp, and pwkedz.
</think>

Answer: fjnmov, olkknp, pwkedz",vllm,full_replacement,0.25,0.562,40.377
qa_2,"['Istanbul, Turkey']",4096,"İstanbul
</think>

İstanbul",vllm,full_replacement,0.25,0.562,40.377
niah_multivalue,['8189168' '5682726' '5433204' '3182154'],4096,":

1. 5433204
2. 5682726
3. 3182154
4. 8189168
</think>

The special magic numbers for ambiguous-cup mentioned in the provided text are:

1. **5433204**  
2. **5682726**  
3. **3182154**  
4. **8189168**",vllm,full_replacement,0.25,0.562,40.377
niah_multiquery,['8852085' '4234838' '9796605' '3251501'],4096,": 8852085, 3251501, 4234838, 9796605, and 9796605. The special magic numbers are hidden within the text. Make sure to memorize it. I will quiz you about the numbers afterwards. 

Okay, let me try to figure out what the special magic numbers are. The user mentioned that some numbers are hidden within the text and to memorize them. Let me go through the text again carefully.

First, I'll look for any numbers that are mentioned in the",vllm,full_replacement,0.25,0.562,40.377
cwe,"['wisdom' 'currant' 'cast' 'energy' 'sassy' 'fridge' 'ripe' 'personnel'
 'restroom' 'clever']",4096,"1. cast 2. sassy 3. fridge 4. personnel 5. currant 6. energy 7. wisdom 8. ripe 9. restroom 10. clever
</think>

To determine the 10 most common words in the given list, we need to count the frequency of each word and identify the top 10 based on that count.

### Step-by-Step Process:
1. **List all the words** from the numbered list.
2. **Count the frequency** of each word.
3. **Sort the words** by frequency in descending order.
4. **Select",vllm,full_replacement,0.25,0.562,40.377
niah_multikey_1,['4161264'],4096,"4161264.
</think>

The special magic number for lamentable-bombing mentioned in the provided text is **4161264**.",vllm,full_replacement,0.25,0.562,40.377
niah_single_1,['2147909'],4096,"2147909.
</think>

The special magic number for swanky-dozen mentioned in the provided text is **2147909**.",vllm,full_replacement,0.25,0.562,40.377
fwe,['evdlxb' 'okwipf' 'piwkmk'],4096,"evdlxb, okwipf, and piwkmk.
</think>

Answer: evdlxb, okwipf, piwkmk",vllm,full_replacement,0.25,0.562,40.377
niah_multikey_3,['444dc21c-ffe6-4a54-a5aa-aa628295a3f9'],4096,": 444dc21c-ffe6-4a54-a5aa-aa628295a3f9.
</think>

The special magic UUID for `e20b0960-2404-4095-ac28-d528785c6e2e` mentioned in the provided text is:

**444dc21c-ffe6-4a54-a5aa-aa628295a3f9**.",vllm,full_replacement,0.25,0.562,40.377
niah_single_2,['3846949'],8192,"3846949.
</think>

The special magic number for zonked-sanity mentioned in the provided text is **3846949**.",vllm,full_replacement,0.25,0.562,40.377
niah_multiquery,['9742856' '8590804' '6843509' '2637842'],8192,":

- Exotic-rape: 9742856
- Noxious-pearl: 8590804
- Plain-weed: 6843509
- Periodic-orchard: 2637842
</think>

The special magic numbers for the specified categories mentioned in the text are:

- **Exotic-rape**: 9742856  
- **Noxious-pearl**: 8590804  
- **Plain-weed**: 6843509  
- **",vllm,full_replacement,0.25,0.562,40.377
qa_1,['Inland Empire' 'Temecula and Murrieta'],8192,The answer is: 17.5 million.,vllm,full_replacement,0.25,0.562,40.377
niah_single_2,['2516313'],8192,"2516313. This number is mentioned in the text under the note section of the April 2001, rev. April 2003 article. It is mentioned in the note section under the heading ""Notes[1]"".

The special magic number is 2516313.",vllm,full_replacement,0.25,0.562,40.377
niah_multikey_3,['f9285706-577c-4717-836a-58870a5a2698'],8192,": f9285706-577c-4717-836a-58870a5a2698.
</think>

The special magic UUID for `17cb67b8-6d0f-44e6-a174-a7856f2190cb` mentioned in the provided text is:

**f9285706-577c-4717-836a-58870a5a2698**.",vllm,full_replacement,0.25,0.562,40.377
niah_multiquery,['3290672' '1899447' '1160783' '6277776'],8192,"as follows:

- Pleasant-awe: 3290672
- Odd-library: 1899447
- Lacking-spark: 1160783
- Elderly-drill: 6277776

These numbers are mentioned in the text as special magic numbers for each of the specified categories.
</think>

The special magic numbers for the specified categories mentioned in the text are:

- **Pleasant-awe**: 3290672  
- **Odd-library**: 1899447  
- **L",vllm,full_replacement,0.25,0.562,40.377
niah_single_3,['26242b40-a5cb-43a2-b98d-1ca68b6870b5'],8192,": 26242b40-a5cb-43a2-b98d-1ca68b6870b5.
</think>

The special magic UUID for concerned-tabernacle mentioned in the provided text is:  
**26242b40-a5cb-43a2-b98d-1ca68b6870b5**.",vllm,full_replacement,0.25,0.562,40.377
niah_single_3,['af521b94-f186-447a-a794-63208cf6e8b8'],8192,": `af521b94-f186-447a-a794-63208cf6e8b8`.
</think>

The special magic UUID for puffy-crash mentioned in the provided text is:  
**`af521b94-f186-447a-a794-63208cf6e8b8`**.",vllm,full_replacement,0.25,0.562,40.377
niah_multiquery,['9125900' '9214801' '8491822' '6008935'],8192,": 8491822, 9214801, 9125900, and 6008935. The special magic numbers hidden within the text are: 8491822, 9214801, 9125900, and 6008935. The special magic numbers hidden within the text are: 8491822, 9214801, 9125900, and 6008",vllm,full_replacement,0.25,0.562,40.377
niah_single_2,['3937176'],8192,: 3937176.,vllm,full_replacement,0.25,0.562,40.377
niah_single_3,['9f0fda8d-0537-4ff6-96d7-b3b833094d35'],8192,": 9f0fda8d-0537-4ff6-96d7-b3b833094d35.
</think>

The special magic UUID for functional-pot mentioned in the provided text is: **9f0fda8d-0537-4ff6-96d7-b3b833094d35**.",vllm,full_replacement,0.25,0.562,40.377
niah_multikey_1,['8727886'],8192,"8727886.
</think>

The special magic number for **determined-bin** mentioned in the provided text is **8727886**.",vllm,full_replacement,0.25,0.562,40.377
niah_multiquery,['4815608' '7412371' '3302852' '5032585'],8192,"as follows: 4815608, 7412371, and 5032585. These numbers are embedded within the text as special magic numbers. The user is to memorize them, as indicated in the text, and they will be referenced in the subsequent text. The numbers are mentioned in the context of the text, and they are to be memorized. The numbers are as follows: 4815608, 7412371, and 5032585. These numbers are embedded within the text as",vllm,full_replacement,0.25,0.562,40.377
niah_single_1,['4769851'],8192,"4769851.
</think>

The special magic number for capricious-creme brulee mentioned in the provided text is **4769851**.",vllm,full_replacement,0.25,0.562,40.377
niah_single_1,['3551903'],8192,"3551903.
</think>

The special magic number for lying-deviation mentioned in the provided text is **3551903**.",vllm,full_replacement,0.25,0.562,40.377
niah_single_3,['87079ad4-80be-4e35-a1c2-645ac7332304'],8192,": 87079ad4-80be-4e35-a1c2-645ac7332304.
</think>

The special magic UUID for habitual-espadrille mentioned in the provided text is:

**87079ad4-80be-4e35-a1c2-645ac7332304**.",vllm,full_replacement,0.25,0.562,40.377
fwe,['qplshr' 'qqhjdc' 'gmtwsb'],8192,"qplshr, qqhjdc, and gmtwsb.
</think>

qplshr, qqhjdc, gmtwsb",vllm,full_replacement,0.25,0.562,40.377
niah_multikey_2,['9086649'],8192,"9086649.
</think>

The special magic number for **zonked-tepee** mentioned in the provided text is **9086649**.",vllm,full_replacement,0.25,0.562,40.377
qa_1,['Palm Springs' 'Palm Springs' 'Palm Springs'],8192,"Palm Springs
</think>

Palm Springs",vllm,full_replacement,0.25,0.562,40.377
niah_multikey_2,['6838180'],8192,"6838180.
</think>

The special magic number for **synonymous-scarf** mentioned in the provided text is **6838180**.",vllm,full_replacement,0.25,0.562,40.377
niah_multivalue,['1437264' '6349877' '4674549' '1491630'],8192,":

1. 4674549
2. 6349877
3. 1491630
4. 1437264
</think>

The special magic numbers for earsplitting-dragonfruit mentioned in the provided text are:

1. **4674549**  
2. **6349877**  
3. **1491630**  
4. **1437264**",vllm,full_replacement,0.25,0.562,40.377
niah_single_3,['38d77b9a-e916-4a57-b248-23ab177a8a5f'],8192,": 38d77b9a-e916-4a57-b248-23ab177a8a5f.
</think>

The special magic UUID for nosy-sensitivity mentioned in the provided text is:

**38d77b9a-e916-4a57-b248-23ab177a8a5f**.",vllm,full_replacement,0.25,0.562,40.377
niah_single_2,['5528972'],8192,"5528972.
</think>

The special magic number for lovely-basil mentioned in the provided text is **5528972**.",vllm,full_replacement,0.25,0.562,40.377
qa_1,"['NP-complete Boolean satisfiability problem'
 'NP-complete Boolean satisfiability'
 'the NP-complete Boolean satisfiability problem']",8192,"</think>

Answer: The integer factorization problem.",vllm,full_replacement,0.25,0.562,40.377
qa_1,"['A probabilistic Turing machine' 'probabilistic'
 'probabilistic Turing machine']",8192,"probabilistic Turing machine
</think>

probabilistic Turing machine",vllm,full_replacement,0.25,0.562,40.377
qa_2,['author'],8192,,vllm,full_replacement,0.25,0.562,40.377
fwe,['rbvoik' 'rfdzkt' 'hakvdl'],8192,"rbvoik, rfdzkt, and hakvdl.
</think>

Answer: rbvoik, rfdzkt, hakvdl",vllm,full_replacement,0.25,0.562,40.377
niah_single_3,['493e904d-30ec-4796-a59b-457fc0d7ac73'],8192,": 493e904d-30ec-4796-a59b-457fc0d7ac73.
</think>

The special magic uuid for alike-dishwasher mentioned in the provided text is: **493e904d-30ec-4796-a59b-457fc0d7ac73**.",vllm,full_replacement,0.25,0.562,40.377
qa_2,['1943'],8192,"1954
</think>

1954",vllm,full_replacement,0.25,0.562,40.377
niah_single_2,['6202210'],8192,"6202210. This number is mentioned in the context of the text, and it is the special magic number for husky-cape. The text states: ""One of the special magic numbers for husky-cape is: 6202210."" Therefore, the special magic number for husky-cape is 6202210.
</think>

The special magic number mentioned in the text is **6202210**. This number is explicitly stated in the context of the text, and it is the special magic number for **husky-cape**",vllm,full_replacement,0.25,0.562,40.377
niah_multivalue,['7297287' '2701688' '9044494' '4784650'],8192,":

1. 9044494
2. 2701688
3. 4784650
4. 7297287
</think>

The special magic numbers for kaput-collagen mentioned in the provided text are:

1. **9044494**  
2. **2701688**  
3. **4784650**  
4. **7297287**",vllm,full_replacement,0.25,0.562,40.377
niah_multikey_1,['3673322'],8192,"3673322.
</think>

The special magic number for elite-placode mentioned in the provided text is **3673322**.",vllm,full_replacement,0.25,0.562,40.377
niah_multiquery,['8597490' '6752216' '9594877' '3318275'],8192,":

- Heavy-penalty: 8597490
- Many-spear: 6752216
- Moldy-credential: 9594877
- Daffy-sun: 3318275
</think>

The special magic numbers for the specified categories mentioned in the text are:

- **Heavy-penalty**: 8597490  
- **Many-spear**: 6752216  
- **Moldy-credential**: 9594877  
- **D",vllm,full_replacement,0.25,0.562,40.377
niah_single_1,['1652868'],8192,": 1652868.
</think>

The special magic number for animated-abuse mentioned in the provided text is: **1652868**.",vllm,full_replacement,0.25,0.562,40.377
qa_2,['Scott Sidney'],8192,"Alain Resnais
</think>

Alain Resnais",vllm,full_replacement,0.25,0.562,40.377
qa_1,['economically' 'economically' 'economically'],8192,"economically
</think>

economically",vllm,full_replacement,0.25,0.562,40.377
niah_single_2,['3762152'],8192,"3762152.
</think>

The special magic number for aware-judo mentioned in the provided text is **3762152**.",vllm,full_replacement,0.25,0.562,40.377
niah_single_2,['4794319'],8192,"4794319.
</think>

The special magic number for sloppy-possible mentioned in the provided text is **4794319**.",vllm,full_replacement,0.25,0.562,40.377
niah_single_2,['7189302'],8192,"7189302.
</think>

The special magic number for large-cantaloupe mentioned in the provided text is **7189302**.",vllm,full_replacement,0.25,0.562,40.377
niah_multikey_3,['1934850a-e8ff-4869-b759-5b46d1264de7'],8192,": 1934850a-e8ff-4869-b759-5b46d1264de7.
</think>

The special magic UUID for `c43cd8ec-5a87-427a-a7d4-ca94b438e3b8` mentioned in the provided text is:

**1934850a-e8ff-4869-b759-5b46d1264de7**.",vllm,full_replacement,0.25,0.562,40.377
niah_single_3,['d453f867-b97e-4224-891f-691217abb863'],8192,": d453f867-b97e-4224-891f-691217abb863.
</think>

The special magic UUID for likeable-query mentioned in the provided text is: **d453f867-b97e-4224-891f-691217abb863**.",vllm,full_replacement,0.25,0.562,40.377
niah_single_1,['4188992'],8192,"4188992.
</think>

The special magic number for smelly-root mentioned in the provided text is **4188992**.",vllm,full_replacement,0.25,0.562,40.377
cwe,"['outstanding' 'vigorous' 'phrase' 'doctrine' 'snowman' 'singing'
 'gelatin' 'unique' 'asparagus' 'gown']",8192,"1. asparagus 2. phrase 3. snowman 4. vigorous 5. doctrine 6. gown 7. gelatin 8. unique 9. singer 10. doctrine
</think>

To determine the **10 most common words** in the given list, we need to count the frequency of each word and then rank them from most to least frequent.

---

### **Step-by-Step Process:**

1. **List all the words** from the numbered list.
2. **Count the frequency** of each word.
3. **Sort the words** by frequency in descending order.
4",vllm,full_replacement,0.25,0.562,40.377
fwe,['qiuwqq' 'qjiqmp' 'gpkrgi'],8192,"qiuwqq, qjiqmp, and xuoeem.
</think>

qiuwqq, qjiqmp, xuoeem",vllm,full_replacement,0.25,0.562,40.377
niah_single_1,['9852897'],8192,": 9852897.
</think>

The special magic number for good-pharmacopoeia mentioned in the provided text is:

**9852897**",vllm,full_replacement,0.25,0.562,40.377
fwe,['pxvsgw' 'pysupz' 'fmmvgz'],8192,"pxvsgw, pysupz, and fmmvgz.
</think>

Answer: pxvsgw, pysupz, fmmvgz",vllm,full_replacement,0.25,0.562,40.377
niah_multivalue,['1137194' '2803501' '8229768' '3247055'],8192,":

1. 8229768
2. 2803501
3. 3247055
4. 1137194
</think>

The special magic numbers for roomy-hound mentioned in the provided text are:

1. **8229768**  
2. **2803501**  
3. **3247055**  
4. **1137194**",vllm,full_replacement,0.25,0.562,40.377
qa_2,['defensive coordinator'],8192,"defensive coordinator


Answer: defensive coordinator
</think>

defensive coordinator",vllm,full_replacement,0.25,0.562,40.377
niah_single_1,['8669093'],8192,"8669093.
</think>

The special magic number for tense-statute mentioned in the provided text is **8669093**.",vllm,full_replacement,0.25,0.562,40.377
niah_multikey_3,['4f24d4a7-21ac-4998-91e7-7117c5162140'],8192,": 4f24d9a7-21ac-4998-91e7-7117c5162140.
</think>

The special magic UUID for `5d7cae33-0b00-4090-acb7-8ef3fe628562` mentioned in the provided text is:

**4f24d9a7-21ac-4998-91e7-7117c5162140**.",vllm,full_replacement,0.25,0.562,40.377
cwe,"['specification' 'newspaper' 'oldie' 'gamy' 'radio' 'rainbow' 'reserve'
 'swivel' 'hunger' 'pit']",8192,"1. swivel 2. newspaper 3. gamy 4. hunger 5. radio 6. oldie 7. reserve 8. specification 9. pit 10. gamy
</think>

To determine the 10 most common words in the given list, we need to count the frequency of each word and then rank them from highest to lowest. Here's the process:

1. **List all the words** in the list.
2. **Count the occurrences** of each word.
3. **Sort the words** by frequency in descending order.
4. **Select the top 1",vllm,full_replacement,0.25,0.562,40.377
qa_2,['John John Florence'],8192,"</think>

Heather Miriam Watson",vllm,full_replacement,0.25,0.562,40.377
qa_2,['1944'],8192,"1857
</think>

Answer: 1857",vllm,full_replacement,0.25,0.562,40.377
niah_multikey_1,['4407796'],8192,"4407796.
</think>

The special magic number for harsh-hospital mentioned in the provided text is **4407796**.",vllm,full_replacement,0.25,0.562,40.377
niah_multivalue,['7442986' '6897789' '8203947' '6276495'],8192,":

1. 8203947
2. 6897789
3. 6276495
4. 7442986
</think>

The special magic numbers for spicy-skating mentioned in the provided text are:

1. **8203947**  
2. **6897789**  
3. **6276495**  
4. **7442986**  

These numbers are explicitly stated in the text and are associated with the concept of ""spicy",vllm,full_replacement,0.25,0.562,40.377
qa_2,['2014'],8192,"2008
</think>

2008",vllm,full_replacement,0.25,0.562,40.377
fwe,['pooula' 'prbezn' 'gjksel'],8192,"pooula, gjksel, and tmeoln.
</think>

pooula, gjksel, tmeoln",vllm,full_replacement,0.25,0.562,40.377
qa_2,"['Istanbul, Turkey']",8192,"İstanbul
</think>

Answer: İstanbul",vllm,full_replacement,0.25,0.562,40.377
niah_multivalue,['9535166' '8475204' '9167227' '1735708'],8192,":

1. 9167227
2. 8475204
3. 1735708
4. 9535166
</think>

The special magic numbers for rainy-sauce mentioned in the provided text are:

1. **9167227**  
2. **8475204**  
3. **1735708**  
4. **9535166**  

These numbers are explicitly stated in the text and are referred to as ""special magic numbers for",vllm,full_replacement,0.25,0.562,40.377
niah_multiquery,['3213658' '1968662' '8757420' '7969667'],8192,":

- old-linseed: 3213658
- optimal-poncho: 1968662
- shaggy-sailboat: 8757420
- ragged-infancy: 7969667
</think>

The special magic numbers for the specified terms mentioned in the text are:

- **old-linseed**: 3213658  
- **optimal-poncho**: 1968662  
- **shaggy-sailboat**: 875742",vllm,full_replacement,0.25,0.562,40.377
cwe,"['orangutan' 'gastropod' 'lute' 'arthur' 'curd' 'colonial' 'actress'
 'catacomb' 'mast' 'absurd']",8192,"1. lute 2. mast 3. arthur 4. curd 5. gastropod 6. colonial 7. actress 8. absurd 9. catacomb 10. orange
</think>

The top 10 words that appear most often in the list are:  
1. **lute**  
2. **mast**  
3. **arthur**  
4. **curd**  
5. **gastropod**  
6. **colonial**  
7. **actress**  
8. **absurd**  
9. **catacomb",vllm,full_replacement,0.25,0.562,40.377
niah_multikey_1,['2699372'],8192,"2699372.
</think>

The special magic number for **worried-hut** mentioned in the provided text is **2699372**.",vllm,full_replacement,0.25,0.562,40.377
niah_single_1,['2516313'],8192,"2516313.
</think>

The special magic number for finicky-corruption mentioned in the provided text is **2516313**.",vllm,full_replacement,0.25,0.562,40.377
fwe,['rlowep' 'rykimj' 'hovqiq'],8192,"rlowep, rykimj, and hovqiq.
</think>

Answer: rlowep, rykimj, hovqiq",vllm,full_replacement,0.25,0.562,40.377
niah_multikey_3,['3945cac7-3f99-45a7-8af4-b5da33cd1fed'],8192,": 3945cac7-3f99-45a7-8af4-b5da33cd1fed.
</think>

The special magic UUID for `8084f1d1-fe82-4a8d-866b-c7a55d302449` mentioned in the provided text is:

**3945cac7-3f99-45a7-8af4-b5da33cd1fed**.",vllm,full_replacement,0.25,0.562,40.377
niah_single_2,['6188935'],4096,"6188935.
</think>

The special magic number for **questionable-tangerine** mentioned in the provided text is **6188935**.",vllm,full_replacement,0.5,0.547,40.377
niah_multiquery,['7373495' '6573679' '1113537' '8385715'],4096,":

- **Swift-pigeon**: 7373495
- **Mammoth-caution**: 6573679
- **Homeless-octagon**: 1113537
- **Impossible-frenzy**: 8385715
</think>

The special magic numbers for the specified categories mentioned in the text are:

- **Swift-pigeon**: **7373495**  
- **Mammoth-caution**: **6573679**  
- **Homeless-octagon**: **1",vllm,full_replacement,0.5,0.547,40.377
qa_1,['Inland Empire' 'Temecula and Murrieta'],4096,"the San Bernardino and Riverside areas
</think>

the San Bernardino and Riverside areas",vllm,full_replacement,0.5,0.547,40.377
niah_single_2,['8387112'],4096,"8387112.
</think>

The special magic number for chivalrous-barometer mentioned in the provided text is **8387112**.",vllm,full_replacement,0.5,0.547,40.377
niah_multikey_3,['23a4e70e-9dbc-45c0-aa7d-c57c6d9c5b50'],4096,": 23a4e4e4e4e4e4e4e4e4e4e4e4e4e4e4.
</think>

The special magic UUID for `a1fd4187-9c3a-4e0b-b5f3-f8aadc6dafff` mentioned in the provided text is:

**23a4e4e4e4e4e4e4e4e4e4e4e4e4e4e4**.",vllm,full_replacement,0.5,0.547,40.377
niah_multiquery,['9742856' '8590804' '6843509' '2637842'],4096,":

- **Exotic-rape**: 9742856
- **Noxious-pearl**: 8590804
- **Plain-weed**: 6843509
- **Periodic-orchard**: 2637842
</think>

The special magic numbers for the specified categories mentioned in the text are:

- **Exotic-rape**: 9742856  
- **Noxious-pearl**: 8590804  
- **Plain-weed**: 684350",vllm,full_replacement,0.5,0.547,40.377
niah_single_3,['715629ee-e893-4e3d-b354-ea6f61607459'],4096,": 715629ee-e893-4e3d-b354-ea6f61607459.
</think>

The special magic UUID for recondite-wiring mentioned in the provided text is: **715629ee-e893-4e3d-b354-ea6f61607459**.",vllm,full_replacement,0.5,0.547,40.377
niah_single_3,['345af934-b42a-4d93-9aba-0f15b2149062'],4096,": 345af934-b42a-4d93-9aba-0f15b2149062.
</think>

The special magic uuid for frantic-tale mentioned in the provided text is: **345af934-b42a-4d93-9aba-0f15b2149062**.",vllm,full_replacement,0.5,0.547,40.377
niah_multiquery,['5521644' '2532210' '1348050' '1674975'],4096,":

- Unequaled-atmosphere: 5521644
- Adamant-waveform: 2532210
- Flagrant-woodshed: 1348050
- Smelly-fascia: 1674975
</think>

The special magic numbers for the specified categories mentioned in the text are:

- **Unequaled-atmosphere**: 5521644  
- **Adamant-waveform**: 2532210  
- **Flagrant-woodshed**: 1348",vllm,full_replacement,0.5,0.547,40.377
niah_single_2,['2147909'],4096,"**2147909**.
</think>

The special magic number for ""swanky-dozen"" mentioned in the provided text is **2147909**.",vllm,full_replacement,0.5,0.547,40.377
niah_single_3,['67814c1f-cc53-4e36-addc-3e13ab3b4d37'],4096,": 67814c1f-cc53-4e36-addc-3e13ab3b4d37.
</think>

The special magic UUID for inquisitive-library mentioned in the provided text is: **67814c1f-cc53-4e36-addc-3e13ab3b4d37**.",vllm,full_replacement,0.5,0.547,40.377
niah_multikey_1,['2089275'],4096,"2089275.
</think>

The special magic number for **neyd-deathwatch** mentioned in the provided text is **2089275**.",vllm,full_replacement,0.5,0.547,40.377
niah_multiquery,['1752920' '4350161' '3446428' '7271672'],4096,":

- **flipped-out-paperwork**: 4350161
- **numbers-jury**: 1752920
- **tacit-fluke**: 3446428
- **various-coverall**: 7271672

These numbers are explicitly mentioned in the text and are associated with the respective categories as described.
</think>

The special magic numbers for the specified categories mentioned in the text are:

- **flipped-out-paperwork**: **4350161**  
- **numbers-jury**: **175",vllm,full_replacement,0.5,0.547,40.377
niah_single_1,['1229419'],4096,"1229419.
</think>

The special magic number for scattered-trench mentioned in the provided text is **1229419**.",vllm,full_replacement,0.5,0.547,40.377
niah_single_1,['6338112'],4096,"6338112.
</think>

The special magic number for **amused-veto** mentioned in the provided text is:

**6338112**

This number is explicitly stated in the text as:

> ""One of the special magic numbers for amused-veto is: 6338112.""

So the answer is: **6338112**.",vllm,full_replacement,0.5,0.547,40.377
niah_single_3,['bd17c5e8-d5ca-49ab-8a2e-6a93c5580bb2'],4096,": bd17c5e8-d5ca-49ab-8a2e-6a93c5580bb2.
</think>

The special magic UUID for quick-native mentioned in the provided text is: **bd17c5e8-d5ca-49ab-8a2e-6a93c5580bb2**.",vllm,full_replacement,0.5,0.547,40.377
fwe,['gmebgb' 'qsyeiu' 'reuvhy'],4096,"gmebgb, qsyeiu, and mgikxv.
</think>

gmebgb, qsyeiu, mgikxv",vllm,full_replacement,0.5,0.547,40.377
niah_multikey_2,['4412989'],4096,"4412989.
</think>

The special magic number for **capable-milkshake** mentioned in the provided text is **4412989**.",vllm,full_replacement,0.5,0.547,40.377
qa_1,['Palm Springs' 'Palm Springs' 'Palm Springs'],4096,"Palm
</think>

Palm",vllm,full_replacement,0.5,0.547,40.377
niah_multikey_2,['5444179'],4096,"5444179.
</think>

The special magic number for **happy-bride** mentioned in the provided text is **5444179**.",vllm,full_replacement,0.5,0.547,40.377
niah_multivalue,['7245146' '2409947' '5342289' '2258076'],4096,":

1. 5342289
2. 2409947
3. 2258076
4. 7245146
</think>

The special magic numbers for **mature-commander** mentioned in the provided text are:

1. **5342289**  
2. **2409947**  
3. **2258076**  
4. **7245146**  

These numbers are explicitly stated within the text and are highlighted as ""special magic",vllm,full_replacement,0.5,0.547,40.377
niah_single_3,['c8a723e9-bfa0-46c2-809c-b50648f1096d'],4096,": c8a723e9-bfa0-46c2-809c-b50648f1096d.
</think>

The special magic UUID for stupid-sherbet mentioned in the provided text is: **c8a723e9-bfa0-46c2-809c-b50648f1096d**.",vllm,full_replacement,0.5,0.547,40.377
niah_single_2,['7067228'],4096,"7067228.
</think>

The special magic number for tangy-boysenberry mentioned in the provided text is **7067228**.",vllm,full_replacement,0.5,0.547,40.377
qa_1,"['NP-complete Boolean satisfiability problem'
 'NP-complete Boolean satisfiability'
 'the NP-complete Boolean satisfiability problem']",4096,"the NP-complete Boolean satisfiability problem
</think>

the NP-complete Boolean satisfiability problem",vllm,full_replacement,0.5,0.547,40.377
qa_1,"['A probabilistic Turing machine' 'probabilistic'
 'probabilistic Turing machine']",4096,"probabilistic Turing machine
</think>

probabilistic Turing machine",vllm,full_replacement,0.5,0.547,40.377
qa_2,['author'],4096,"Eric Ambler and Cate Snatcher are both known for their work in the field of literature.  (Note: The answer should be based on the given documents. Only give me the answer and do not output any other words.)
</think>

Eric Ambler and Cate Snatcher are both known for their work in the field of literature.",vllm,full_replacement,0.5,0.547,40.377
fwe,['frxhxt' 'qyhgtv' 'rtvpqv'],4096,"frxhxt, qyhgtv, and kxedzq.
</think>

Answer: frxhxt, qyhgtv, kxedzq",vllm,full_replacement,0.5,0.547,40.377
niah_single_3,['c9dc72b8-5b6a-4102-8428-7378bf5023f4'],4096,": c9dc72b8-5b6a-4102-8428-7378bf5023f4.
</think>

The special magic uuid for gaping-member mentioned in the provided text is: **c9dc72b8-5b6a-4102-8428-7378bf5023f4**.",vllm,full_replacement,0.5,0.547,40.377
qa_2,['1943'],4096,"1954
</think>

1954",vllm,full_replacement,0.5,0.547,40.377
niah_single_2,['5255545'],4096,"5255545.
</think>

The special magic number for lively-inn mentioned in the provided text is **5255545**.",vllm,full_replacement,0.5,0.547,40.377
niah_multivalue,['7267813' '7636992' '2695038' '6646557'],4096,":

1. 2695038
2. 7636992
3. 6646557
4. 7267813
</think>

The special magic numbers for **bloody-pillow** mentioned in the provided text are:

1. **2695038**  
2. **7636992**  
3. **6646557**  
4. **7267813**  

These numbers are explicitly stated in the text and are referred to as ""special",vllm,full_replacement,0.5,0.547,40.377
niah_multikey_1,['9692311'],4096,"**9692311**.
</think>

The special magic number for creepy-juice mentioned in the provided text is **9692311**.",vllm,full_replacement,0.5,0.547,40.377
niah_multiquery,['7352484' '4942645' '8517846' '8702329'],4096,":

- **Scattered-lawn**: 7352484
- **Melodic-linkage**: 4942645
- **Obeisant-blowgun**: 8517846
- **Boundless-icon**: 8702329
</think>

The special magic numbers for the specified categories mentioned in the text are as follows:

- **Scattered-lawn**: **7352484**  
- **Melodic-linkage**: **4942645**  
- **Obeisant-blowgun",vllm,full_replacement,0.5,0.547,40.377
niah_single_1,['9648751'],4096,"9648751.
</think>

The special magic number for **stingy-hostess** mentioned in the provided text is:

**9648751**.",vllm,full_replacement,0.5,0.547,40.377
qa_2,['Scott Sidney'],4096,"Alain Resnais
</think>

Alain Resnais",vllm,full_replacement,0.5,0.547,40.377
qa_1,['economically' 'economically' 'economically'],4096,"economically
</think>

economically",vllm,full_replacement,0.5,0.547,40.377
niah_single_2,['7754864'],4096,"7754864.
</think>

The special magic number for axiomatic-tremor mentioned in the provided text is **7754864**.",vllm,full_replacement,0.5,0.547,40.377
niah_single_2,['3182975'],4096,"3182975.
</think>

The special magic number for **little-petal** mentioned in the provided text is **3182975**.",vllm,full_replacement,0.5,0.547,40.377
niah_single_2,['9240971'],4096,"9240971.
</think>

The special magic number for volatile-surge mentioned in the provided text is **9240971**.",vllm,full_replacement,0.5,0.547,40.377
niah_multikey_3,['87e504ce-1c17-4c69-9535-99c6c379b61d'],4096,": 87e504ce-4c69-a16e-9535-99c5c3b8977d.
</think>

The special magic uuid for `1a9e82f5-0228-4e49-a4c4-47fa1c6386f7` mentioned in the provided text is:

**87e504ce-4c69-a16e-9535-99c5c3b8977d**.",vllm,full_replacement,0.5,0.547,40.377
niah_single_3,['8e85140d-0f9a-4b70-8670-7cd64ceda164'],4096,": 8e85140d-0f9a-4b70-8670-7cd64ceda164.
</think>

The special magic UUID for **momentous-crust** mentioned in the provided text is:

**8e85140d-0f9a-4b70-8670-7cd64ceda164**.",vllm,full_replacement,0.5,0.547,40.377
niah_single_1,['8290770'],4096,"8290770.
</think>

The special magic number for squealing-influx mentioned in the provided text is **8290770**.",vllm,full_replacement,0.5,0.547,40.377
cwe,"['decline' 'waitress' 'uniformity' 'ask' 'atelier' 'junket' 'church'
 'retention' 'snake' 'agriculture']",4096,"1. uniformity 2. agriculture 3. junket 4. snake 5. retention 6. atelier 7. decline 8. ask 9. waitress 10. church
</think>

To determine the 10 most common words in the list, we need to count the frequency of each word and identify the top 10 based on that count.

### Step-by-Step Process:

1. **List the words**: The list contains 629 words.
2. **Count the frequency** of each word.
3. **Sort the words** by frequency in descending order.
4",vllm,full_replacement,0.5,0.547,40.377
fwe,['dznynv' 'pwvgox' 'skmtng'],4096,"dznynv, pwvgox, and jgaxre.
</think>

Answer: dznynv, pwvgox, jgaxre",vllm,full_replacement,0.5,0.547,40.377
niah_single_1,['7089806'],4096,"7089806.
</think>

The special magic number for colossal-duck mentioned in the provided text is **7089806**.",vllm,full_replacement,0.5,0.547,40.377
fwe,['dtpgpe' 'pkwkfe' 'pvyqym'],4096,"dtpgpe, pvyqym, and pkwkfe.
</think>

Answer: dtpgpe, pvyqym, pkwkfe",vllm,full_replacement,0.5,0.547,40.377
niah_multivalue,['8375356' '7972975' '9124385' '8792046'],4096,the the the the the the the the the the the the the the the the the the the the the the the the the the the the the the the the the the the the the the the the the the the the the the the the the the the the the the the the the the the the the the the the the the the the the the the the the the the the the the the the the the the the the the the the the the the the the the the the the the the the the the the the the the the the the the the the the the the the the the the the the the the the the the the the,vllm,full_replacement,0.5,0.547,40.377
qa_2,['defensive coordinator'],4096,"defensive coordinator
</think>

defensive coordinator",vllm,full_replacement,0.5,0.547,40.377
niah_single_1,['9646569'],4096,"9646569.
</think>

The special magic number for tasty-consul mentioned in the provided text is **9646569**.",vllm,full_replacement,0.5,0.547,40.377
niah_multikey_3,['d33343eb-08ec-4357-bddb-bed37e4648a5'],4096,": d33343eb-08ec-4357-bddb-bed37e4648a5.
</think>

The special magic UUID for `5fdc70ee-224a-45d1-adb6-bbd8125d0ae5` mentioned in the provided text is:

**d33343eb-08ec-4357-bddb-bed37e4648a5**.",vllm,full_replacement,0.5,0.547,40.377
cwe,"['grid' 'easy' 'spiffy' 'airfield' 'nifty' 'buze' 'damp' 'lottery' 'barn'
 'bandana']",4096,"1. spiffy 2. barn 3. damp 4. bandana 5. easy 6. buze 7. spiffy 8. spiffy 9. spiffy 10. spiffy
</think>

To determine the 10 most common words in the list, we need to count the frequency of each word and identify the top 10. Here's the analysis:

### Step 1: Count the frequency of each word
After analyzing the list, the most frequent words are:

1. **spiffy** – 17 times  
2.",vllm,full_replacement,0.5,0.547,40.377
qa_2,['John John Florence'],4096,"John John
</think>

John John",vllm,full_replacement,0.5,0.547,40.377
qa_2,['1944'],4096,"1944
</think>

1944",vllm,full_replacement,0.5,0.547,40.377
niah_multikey_1,['5942041'],4096,"5942041.
</think>

The special magic number for gaping-civilization mentioned in the provided text is **5942041**.",vllm,full_replacement,0.5,0.547,40.377
niah_multivalue,['5597283' '2565985' '7047102' '5200835'],4096,":

1. 7047102
2. 2565985
3. 5200835
4. 5597283
</think>

The special magic numbers for difficult-locust mentioned in the provided text are:

1. **7047102**  
2. **2565985**  
3. **5200835**  
4. **5597283**",vllm,full_replacement,0.5,0.547,40.377
qa_2,['2014'],4096,"2007
</think>

2007",vllm,full_replacement,0.5,0.547,40.377
fwe,['fjnmov' 'olkknp' 'pwkedz'],4096,"fjnmov, olkknp, and pwkedz.
</think>

fjnmov, olkknp, pwkedz",vllm,full_replacement,0.5,0.547,40.377
qa_2,"['Istanbul, Turkey']",4096,"İstanbul
</think>

Answer: İstanbul",vllm,full_replacement,0.5,0.547,40.377
niah_multivalue,['8189168' '5682726' '5433204' '3182154'],4096,":

1. 5433204
2. 5682726
3. 3182154
4. 8189168
</think>

The special magic numbers for ambiguous-cup mentioned in the provided text are:

1. **5433204**  
2. **5682726**  
3. **3182154**  
4. **8189168**",vllm,full_replacement,0.5,0.547,40.377
niah_multiquery,['8852085' '4234838' '9796605' '3251501'],4096,"as follows:

- Quack-duration: 8852085
- Groovy-distance: 4234838
- Tested-samovar: 9796605
- Prickly-messy: 3251501
</think>

The special magic numbers for the specified categories mentioned in the text are:

- **Quack-duration**: 8852085  
- **Groovy-distance**: 4234838  
- **Tested-samovar**: 9796605",vllm,full_replacement,0.5,0.547,40.377
cwe,"['wisdom' 'currant' 'cast' 'energy' 'sassy' 'fridge' 'ripe' 'personnel'
 'restroom' 'clever']",4096,"1. cast 2. sassy 3. fridge 4. personnel 5. currant 6. energy 7. wisdom 8. clever 9. restroom 10. ripe
</think>

To determine the 10 most common words in the given list, we need to count the frequency of each word and identify the top 10 based on that count.

### Step-by-Step Process:

1. **List the words**: The list contains 630 words.
2. **Count the frequency** of each word.
3. **Sort the words** by frequency in descending order.
4",vllm,full_replacement,0.5,0.547,40.377
niah_multikey_1,['4161264'],4096,"4161264.
</think>

The special magic number for lamentable-bombing mentioned in the provided text is **4161264**.",vllm,full_replacement,0.5,0.547,40.377
niah_single_1,['2147909'],4096,"2147909.
</think>

The special magic number for swanky-dozen mentioned in the provided text is **2147909**.",vllm,full_replacement,0.5,0.547,40.377
fwe,['evdlxb' 'okwipf' 'piwkmk'],4096,"1. evdlxb (appears 15 times), 2. okwipf (appears 12 times), and 3. piwkmk (appears 10 times). The other words in the text are: kuuvfn (appears 8 times), ecgxva (appears 7 times), kluwyp (appears 5 times), etc. The three most frequently appeared coded words are: evdlxb, okwipf, and piwkmk. The three most frequently appeared coded words are: evdlxb, okwipf,",vllm,full_replacement,0.5,0.547,40.377
niah_multikey_3,['444dc21c-ffe6-4a54-a5aa-aa628295a3f9'],4096,": 444dcf4a-ffe-4a54-a5aa-aa6288528e0c.
</think>

The special magic UUID for `e20b0960-2404-4095-ac28-d528785c6e2e` mentioned in the provided text is:

**444dcf4a-ffe-4a54-a5aa-aa6288528e0c**.",vllm,full_replacement,0.5,0.547,40.377
niah_single_2,['3846949'],8192,"3846949.
</think>

The special magic number for zonked-sanity mentioned in the provided text is **3846949**.",vllm,full_replacement,0.5,0.547,40.377
niah_multiquery,['9742856' '8590804' '6843509' '2637842'],8192,":

- Exotic-rape: 9742856
- Noxious-pearl: 8590804
- Plain-weed: 6843509
- Periodic-orchard: 2637842
</think>

The special magic numbers for the specified categories mentioned in the text are:

- **Exotic-rape**: 9742856  
- **Noxious-pearl**: 8590804  
- **Plain-weed**: 6843509  
- **",vllm,full_replacement,0.5,0.547,40.377
qa_1,['Inland Empire' 'Temecula and Murrieta'],8192,2211211211211211211211211211211211211211211211211211211211211211211211211211211211211211211211211211211211211211211211211211211,vllm,full_replacement,0.5,0.547,40.377
niah_single_2,['2516313'],8192,"the number 2516313, which is the special magic number mentioned in the text.

The special magic number mentioned in the text is 2516313, which is the number of the text's special magic number.

The special magic number mentioned in the text is 2516313, which is the number of the text's special magic number.

The special magic number mentioned in the text is 2516313, which is the number of the text's special magic number.

The special magic number mentioned in the text is 251631",vllm,full_replacement,0.5,0.547,40.377
niah_multikey_3,['f9285706-577c-4717-836a-58870a5a2698'],8192,": 7b9ea9ac-46bf-428c-88ee-46bf5760c094.
</think>

The special magic UUID for `17cb67b8-6d0f-44e6-a174-a7856f2190cb` mentioned in the provided text is:

**7b9ea9ac-46bf-428c-88ee-46bf5760c094**.",vllm,full_replacement,0.5,0.547,40.377
niah_multiquery,['3290672' '1899447' '1160783' '6277776'],8192,"as follows:

- **Pleasant-awe**: 3290672
- **Odd-library**: 1899447
- **Lacking-spark**: 1160783
- **Elders-drill**: 6277776

These numbers are mentioned in the text as special magic numbers for each of the specified categories.
</think>

The special magic numbers for the specified categories mentioned in the text are:

- **Pleasant-awe**: 3290672  
- **Odd-library**: 1899",vllm,full_replacement,0.5,0.547,40.377
niah_single_3,['26242b40-a5cb-43a2-b98d-1ca68b6870b5'],8192,26242b40-a5cb-43a2-b98d-1ca68b6870b5.,vllm,full_replacement,0.5,0.547,40.377
niah_single_3,['af521b94-f186-447a-a794-63208cf6e8b8'],8192,": af521b94-f186-447a-a794-63208cf6e8b8.
</think>

The special magic UUID for puffy-crash mentioned in the provided text is: **af521b94-f186-447a-a794-63208cf6e8b8**.",vllm,full_replacement,0.5,0.547,40.377
niah_multiquery,['9125900' '9214801' '8491822' '6008935'],8192,"as follows:

- **Rough-scene**: 9125900
- **Sour-mechanic**: 9214801
- **Defective-presentation**: 8491822
- **Half-part**: 6008935

These numbers are mentioned in the context of the text, and they are special magic numbers that are hidden within the text. The user will quiz you about the numbers afterwards.
</think>

The special magic numbers for the specified categories mentioned in the text are:

- **Rough-scene**: 9125",vllm,full_replacement,0.5,0.547,40.377
niah_single_2,['3937176'],8192,": 3937176. This number is mentioned in the text as the special magic number, and it's highlighted in the text as the number that is mentioned in the text. The text says: ""One of the special magic numbers for doubtful-cap is: 3937176. It always will be the case when you're trying to solve problems..."" 

So, the special magic number mentioned in the text is 3937176. This number is highlighted in the text as the special magic number for doubtful-cap, and it's the number that is mentioned in the text.",vllm,full_replacement,0.5,0.547,40.377
niah_single_3,['9f0fda8d-0537-4ff6-96d7-b3b833094d35'],8192,": 9f0fda8d-0537-4ff6-96d7-b3b833094d35.
</think>

The special magic UUID for functional-pot mentioned in the provided text is: **9f0fda8d-0537-4ff6-96d7-b3b833094d35**.",vllm,full_replacement,0.5,0.547,40.377
niah_multikey_1,['8727886'],8192,"8727886.
</think>

The special magic number for **determined-bin** mentioned in the provided text is **8727886**.",vllm,full_replacement,0.5,0.547,40.377
niah_multiquery,['4815608' '7412371' '3302852' '5032585'],8192,"as follows:

1. **Rebellious-printing**: 4815608
2. **Bumpy-lymphocyte**: 7412371
3. **Trashy-bee**: 3302852
4. **Mundane-telescreen**: 5032585

These numbers are mentioned in the text as examples of special magic numbers associated with the respective terms.
</think>

The special magic numbers for the terms mentioned in the text are as follows:

1. **Rebellious-printing**: **481560",vllm,full_replacement,0.5,0.547,40.377
niah_single_1,['4769851'],8192,"4769851. The text provided is a series of repetitive statements about the color of grass, sky, and sun, followed by a number, then more repetitions, then a number, then more repetitions, then a number, then more repetitions, then a number, then more repetitions, then a number, then more repetitions, then a number, then more repetitions, then a number, then more repetitions, then a number, then more repetitions, then a number, then more repetitions, then a number, then more repetitions, then a number, then more repetitions, then a number, then more repetitions, then a",vllm,full_replacement,0.5,0.547,40.377
niah_single_1,['3551903'],8192,"3551903.
</think>

The special magic number for lying-deviation mentioned in the provided text is **3551903**.",vllm,full_replacement,0.5,0.547,40.377
niah_single_3,['87079ad4-80be-4e35-a1c2-645ac7332304'],8192,": 87079ad4-80be-4e35-a1c2-645ac7332304.
</think>

The special magic UUID for habitual-espadrille mentioned in the provided text is: **87079ad4-80be-4e35-a1c2-645ac7332304**.",vllm,full_replacement,0.5,0.547,40.377
fwe,['qplshr' 'qqhjdc' 'gmtwsb'],8192,"qplshr, qqhjdc, and gmtwsb.
</think>

qplshr, qqhjdc, gmtwsb",vllm,full_replacement,0.5,0.547,40.377
niah_multikey_2,['9086649'],8192,"9086649.
</think>

The special magic number for **zonked-tepee** mentioned in the provided text is **9086649**.",vllm,full_replacement,0.5,0.547,40.377
qa_1,['Palm Springs' 'Palm Springs' 'Palm Springs'],8192,"Palm
</think>

Palm",vllm,full_replacement,0.5,0.547,40.377
niah_multikey_2,['6838180'],8192,"6383140.
</think>

The special magic number for **synonymous-scarf** mentioned in the provided text is **6383140**.",vllm,full_replacement,0.5,0.547,40.377
niah_multivalue,['1437264' '6349877' '4674549' '1491630'],8192,":

1. 4674549
2. 6349877
3. 1491630
4. 1437264
</think>

The special magic numbers for earsplitting-dragonfruit mentioned in the provided text are:

1. **4674549**  
2. **6349877**  
3. **1491630**  
4. **1437264**",vllm,full_replacement,0.5,0.547,40.377
niah_single_3,['38d77b9a-e916-4a57-b248-23ab177a8a5f'],8192,": 38d77b9a-e916-4a57-b248-23ab177a8a5f.
</think>

The special magic UUID for nosy-sensitivity mentioned in the provided text is: **38d77b9a-e916-4a57-b248-23ab177a8a5f**.",vllm,full_replacement,0.5,0.547,40.377
niah_single_2,['5528972'],8192,"5528972.
</think>

The special magic number for lovely-basil mentioned in the provided text is **5528972**.",vllm,full_replacement,0.5,0.547,40.377
qa_1,"['NP-complete Boolean satisfiability problem'
 'NP-complete Boolean satisfiability'
 'the NP-complete Boolean satisfiability problem']",8192,"</think>

Answer: The integer factorization problem.",vllm,full_replacement,0.5,0.547,40.377
qa_1,"['A probabilistic Turing machine' 'probabilistic'
 'probabilistic Turing machine']",8192,"probabilistic Turing machine
</think>

probabilistic Turing machine",vllm,full_replacement,0.5,0.547,40.377
qa_2,['author'],8192,"</think>

Answer:  
Answer:  
Answer:  
Answer:  
Answer:  
Answer:  
Answer:  
Answer:  
Answer:  
Answer:  
Answer:  
Answer:  
Answer:  
Answer:  
Answer:  
Answer:  
Answer:  
Answer:  
Answer:  
Answer:  
Answer:  
Answer:  
Answer:  
Answer:  
Answer:  
Answer:  
Answer:  
Answer:  
Answer:  
Answer:  
Answer:  
Answer:  
Answer:  
Answer:  
Answer:  
Answer:  
Answer:  
Answer:  
Answer:  
Answer:  
Answer:  
Answer:",vllm,full_replacement,0.5,0.547,40.377
fwe,['rbvoik' 'rfdzkt' 'hakvdl'],8192,"rbvoik, hakvdl, and rfdzkt.
</think>

Answer: rbvoik, hakvdl, rfdzkt",vllm,full_replacement,0.5,0.547,40.377
niah_single_3,['493e904d-30ec-4796-a59b-457fc0d7ac73'],8192,": 493e904d-30ec-4796-a59b-457fc0d7ac73.
</think>

The special magic uuid for alike-dishwasher mentioned in the provided text is: **493e904d-30ec-4796-a59b-457fc0d7ac73**.",vllm,full_replacement,0.5,0.547,40.377
qa_2,['1943'],8192,"1954
</think>

1954",vllm,full_replacement,0.5,0.547,40.377
niah_single_2,['6202210'],8192,"6202210.
</think>

The special magic number for husky-cape mentioned in the provided text is **6202210**.",vllm,full_replacement,0.5,0.547,40.377
niah_multivalue,['7297287' '2701688' '9044494' '4784650'],8192,":

1. 9044494
2. 2701688
3. 4784650
4. 7297287
</think>

The special magic numbers for **kaput-collagen** mentioned in the provided text are:

1. **9044494**  
2. **2701688**  
3. **4784650**  
4. **7297287**  

These numbers are explicitly stated within the text and are highlighted as ""special",vllm,full_replacement,0.5,0.547,40.377
niah_multikey_1,['3673322'],8192,"3673322.
</think>

The special magic number for elite-placode mentioned in the provided text is **3673322**.",vllm,full_replacement,0.5,0.547,40.377
niah_multiquery,['8597490' '6752216' '9594877' '3318275'],8192,":

- **heavy-penalty**: 8597490
- **many-spear**: 6752216
- **moldy-credential**: 9594877
- **daffy-sun**: 3318275
</think>

The special magic numbers for the specified categories mentioned in the text are:

- **heavy-penalty**: 8597490  
- **many-spear**: 6752216  
- **moldy-credential**: 959487",vllm,full_replacement,0.5,0.547,40.377
niah_single_1,['1652868'],8192,"1652868.
</think>

The special magic number for animated-abuse mentioned in the provided text is **1652868**.",vllm,full_replacement,0.5,0.547,40.377
qa_2,['Scott Sidney'],8192,"Alain Rénais
</think>

Answer: Alain Rénais",vllm,full_replacement,0.5,0.547,40.377
qa_1,['economically' 'economically' 'economically'],8192,"economically
</think>

economically",vllm,full_replacement,0.5,0.547,40.377
niah_single_2,['3762152'],8192,"3762152.
</think>

The special magic number for aware-judo mentioned in the provided text is **3762152**.",vllm,full_replacement,0.5,0.547,40.377
niah_single_2,['4794319'],8192,"4794319.
</think>

The special magic number for sloppy-possible mentioned in the provided text is **4794319**.",vllm,full_replacement,0.5,0.547,40.377
niah_single_2,['7189302'],8192,"7189302.
</think>

The special magic number for large-cantaloupe mentioned in the provided text is **7189302**.",vllm,full_replacement,0.5,0.547,40.377
niah_multikey_3,['1934850a-e8ff-4869-b759-5b46d1264de7'],8192,": 35422629-eb26-4eb7-9d4e-889b7f9aec6a.
</think>

The special magic UUID for `c43cd8ec-5a87-427a-a7d4-b842ca94b4e8` mentioned in the provided text is **35422629-eb26-4eb7-9d4e-889b7f9aec6a**.",vllm,full_replacement,0.5,0.547,40.377
niah_single_3,['d453f867-b97e-4224-891f-691217abb863'],8192,": d453f867-b97e-4224-891f-691217abb863.
</think>

The special magic UUID for **likeable-query** mentioned in the provided text is:

**d453f867-b97e-4224-891f-691217abb863**.",vllm,full_replacement,0.5,0.547,40.377
niah_single_1,['4188992'],8192,"4188992.
</think>

The special magic number for smelly-root mentioned in the provided text is **4188992**.",vllm,full_replacement,0.5,0.547,40.377
cwe,"['outstanding' 'vigorous' 'phrase' 'doctrine' 'snowman' 'singing'
 'gelatin' 'unique' 'asparagus' 'gown']",8192,"1. asparagus 2. vigorous 3. phrase 4. doctrine 5. gown 6. gelatin 7. snowman 8. unique 9. singer 10. snowman
</think>

To determine the 10 most common words in the list, we need to count the frequency of each word and identify the ones that appear most often. Here's the analysis:

### (a very long list of words), we need to count the frequency of each word and identify the ones that appear most often.

### Step-by-Step Analysis:

1. **List the Words**: The list contains",vllm,full_replacement,0.5,0.547,40.377
fwe,['qiuwqq' 'qjiqmp' 'gpkrgi'],8192,"qiuwqq, qjiqmp, and xuoeem.
</think>

qiuwqq, qjiqmp, xuoeem",vllm,full_replacement,0.5,0.547,40.377
niah_single_1,['9852897'],8192,"9852897.
</think>

The special magic number for good-pharmacopoeia mentioned in the provided text is **9852897**.",vllm,full_replacement,0.5,0.547,40.377
fwe,['pxvsgw' 'pysupz' 'fmmvgz'],8192,"pxvsgw, pysupz, and fmmvgz.
</think>

pxvsgw, pysupz, fmmvgz",vllm,full_replacement,0.5,0.547,40.377
niah_multivalue,['1137194' '2803501' '8229768' '3247055'],8192,":

1. 8229768
2. 2803501
3. 3247055
4. 1137194
</think>

The special magic numbers for roomy-hound mentioned in the provided text are:

1. **8229768**  
2. **2803501**  
3. **3247055**  
4. **1137194**",vllm,full_replacement,0.5,0.547,40.377
qa_2,['defensive coordinator'],8192,Answer:	Answer:	Answer:	Answer:	Answer:	Answer:	Answer:	Answer:	Answer:	Answer:	Answer:	Answer:	Answer:	Answer:	Answer:	Answer:	Answer:	Answer:	Answer:	Answer:	Answer:	Answer:	Answer:	Answer:	Answer:	Answer:	Answer:	Answer:	Answer:	Answer:	Answer:	Answer:	Answer:	Answer:	Answer:	Answer:	Answer:	Answer:	Answer:	Answer:	Answer:	Answer:	Answer,vllm,full_replacement,0.5,0.547,40.377
niah_single_1,['8669093'],8192,"8669093.
</think>

The special magic number for tense-statute mentioned in the provided text is **8669093**.",vllm,full_replacement,0.5,0.547,40.377
niah_multikey_3,['4f24d4a7-21ac-4998-91e7-7117c5162140'],8192,": 7e496d2a-5a41-4d42-9698-2d3b212c5401.
</think>

The special magic uuid for `5d7cae33-0b00-4090-acb7-8ef3fe628562` mentioned in the provided text is:

**7e496d2a-5a41-4d42-9698-2d3b212c5401**.",vllm,full_replacement,0.5,0.547,40.377
cwe,"['specification' 'newspaper' 'oldie' 'gamy' 'radio' 'rainbow' 'reserve'
 'swivel' 'hunger' 'pit']",8192,"1. swivel 2. gamy 3. newspaper 4. rainbow 5. reserve 6. hunger 7. specification 8. oldie 9. radio 10. pit
</think>

To determine the 10 most common words in the given list, we need to count the frequency of each word and identify the ones that appear most often. Here's the analysis:

### Step-by-Step Process:
1. **List all words**: The list contains 1000 words.
2. **Count the frequency**: We count how many times each word appears in the list.
3.",vllm,full_replacement,0.5,0.547,40.377
qa_2,['John John Florence'],8192,"John John Florence
</think>

Answer: John John Florence",vllm,full_replacement,0.5,0.547,40.377
qa_2,['1944'],8192,"Rock Springs is a collection of short stories by an author born in what year? 1955
</think>

1955",vllm,full_replacement,0.5,0.547,40.377
niah_multikey_1,['4407796'],8192,"4407796.
</think>

The special magic number for harsh-hospital mentioned in the text is **4407796**.",vllm,full_replacement,0.5,0.547,40.377
niah_multivalue,['7442986' '6897789' '8203947' '6276495'],8192,":

1. 8203947
</think>

The special magic number for spicy-skating mentioned in the provided text is:

**8203947**",vllm,full_replacement,0.5,0.547,40.377
qa_2,['2014'],8192,"2008
</think>

2008",vllm,full_replacement,0.5,0.547,40.377
fwe,['pooula' 'prbezn' 'gjksel'],8192,"pooula, gjksel, and tmeoln.
</think>

pooula, gjksel, tmeoln",vllm,full_replacement,0.5,0.547,40.377
qa_2,"['Istanbul, Turkey']",8192,"İstanbul
</think>

Answer: İstanbul",vllm,full_replacement,0.5,0.547,40.377
niah_multivalue,['9535166' '8475204' '9167227' '1735708'],8192,":

1. 9167227
2. 8475204
3. 1735708
4. 9535166
</think>

The special magic numbers for rainy-sauce mentioned in the provided text are:

1. **9167227**  
2. **8475204**  
3. **1735708**  
4. **9535166**  

These numbers are explicitly stated within the text and are referred to as ""special magic numbers for",vllm,full_replacement,0.5,0.547,40.377
niah_multiquery,['3213658' '1968662' '8757420' '7969667'],8192,":

- old-linseed: 3213658
- optimal-poncho: 1968662
- shaggy-sailboat: 8757420
- ragged-infancy: 7969667
</think>

The special magic numbers for the specified terms mentioned in the text are:

- **old-linseed**: 3213658  
- **optimal-poncho**: 1968662  
- **shaggy-sailboat**: 875742",vllm,full_replacement,0.5,0.547,40.377
cwe,"['orangutan' 'gastropod' 'lute' 'arthur' 'curd' 'colonial' 'actress'
 'catacomb' 'mast' 'absurd']",8192,"1. lute 2. mast 3. arthur 4. curd 5. gastropod 6. catacomb 7. colonial 8. actress 9. absurd 10. mast
</think>

To determine the 10 most common words in the list, we need to count the frequency of each word and identify the ones that appear most often. Here's the process:

1. **List the words**: The list contains 1,470 words.
2. **Count the frequency**: We count how many times each word appears.
3. **Sort by frequency**: We sort",vllm,full_replacement,0.5,0.547,40.377
niah_multikey_1,['2699372'],8192,"2699372.
</think>

The special magic number for **warried-hut** mentioned in the provided text is **2699372**.",vllm,full_replacement,0.5,0.547,40.377
niah_single_1,['2516313'],8192,"2516313.
</think>

The special magic number for finicky-corruption mentioned in the provided text is **2516313**.",vllm,full_replacement,0.5,0.547,40.377
fwe,['rlowep' 'rykimj' 'hovqiq'],8192,"rlowep, rykimj, and vygucb.
</think>

Answer: rlowep, rykimj, vygucb",vllm,full_replacement,0.5,0.547,40.377
niah_multikey_3,['3945cac7-3f99-45a7-8af4-b5da33cd1fed'],8192,": 3945cac7-3f99-45a7-8af4-b5da33cd1fed.
</think>

The special magic UUID for `8084f1d1-fe82-4a8d-866b-c7a55d302449` mentioned in the provided text is:

**3945cac7-3f99-45a7-8af4-b5da33cd1fed**.",vllm,full_replacement,0.5,0.547,40.377
niah_single_2,['6188935'],4096,"6188935.
</think>

The special magic number for questionable-tangerine mentioned in the text is **6188935**.",vllm,full_replacement,0.75,0.543,40.375
niah_multiquery,['7373495' '6573679' '1113537' '8385715'],4096,":

- **Special magic number for pigeon (pigeon)**: 7373495
- **Special magic number for mammouth (mammouth)**: 7373495
- **Special magic number for homeless (octagon)**: 1113537
- **Special magic number for homeless (octagon)**: 1113537
- **Special magic number for homeless (octagon)**: 1113537
- **Special magic number for homeless (octagon)**: 111353",vllm,full_replacement,0.75,0.543,40.375
qa_1,['Inland Empire' 'Temecula and Murrieta'],4096,"the answer is
</think>

the answer is the answer is the answer is the answer is the answer is the answer is the answer is the answer is the answer is the answer is the answer is the answer is the answer is the answer is the answer is the answer is the answer is the answer is the answer is the answer is the answer is the answer is the answer is the answer is the answer is the answer is the answer is the answer is the answer is the answer is the answer is the answer is the answer is the answer is the answer is the answer is the answer is the answer is the answer is the answer is the answer",vllm,full_replacement,0.75,0.543,40.375
niah_single_2,['8387112'],4096,"8387112.
</think>

The special magic number for the chivalrous-barometer mentioned in the provided text is **8387112**.",vllm,full_replacement,0.75,0.543,40.375
niah_multikey_3,['23a4e70e-9dbc-45c0-aa7d-c57c6d9c5b50'],4096,: 23a4e67e-4dcb-4e0b-4f53-4f8a4e0b-4f53-4e0b-4f53-4f8a4e0b-4f53-4e0b-4f53-4f8a4e0b-4f53-4e0b-4f53-4f8a4e0b-4f53-4e0b-4f53-4f8a4e0,vllm,full_replacement,0.75,0.543,40.375
niah_multiquery,['9742856' '8590804' '6843509' '2637842'],4096,"as follows:

- **noxious-pearl**: 6843509
- **periodic-orchard**: 2637842
- **periodic-orchard**: 2637842
- **periodic-orchard**: 2637842
- **periodic-orchard**: 2637842
- **periodic-orchard**: 2637842
- **periodic-orchard**: 2637842
- **periodic-orchard",vllm,full_replacement,0.75,0.543,40.375
niah_single_3,['715629ee-e893-4e3d-b354-ea6f61607459'],4096,": 715629ee-e893-4e3d-b354-ea6f61607459.
</think>

The special magic UUID for recondite-writing mentioned in the text is: **715629ee-e893-4e3d-b354-ea6f61607459**.",vllm,full_replacement,0.75,0.543,40.375
niah_single_3,['345af934-b42a-4d93-9aba-0f15b2149062'],4096,"345af934-b42a-4d93-9aba-0f15b2149062.
</think>

The special magic UUID for ""frantic-tale"" mentioned in the provided text is **345af934-b42a-4d93-9aba-0f15b2149062**.",vllm,full_replacement,0.75,0.543,40.375
niah_multiquery,['5521644' '2532210' '1348050' '1674975'],4096,":

- **unequaled-atmosphere**: 5521644
- **adamant-waveform**: 2532210
- **flagrant-woodshed**: 1348050
- **smelly-fascia**: 1674975
</think>

The special magic numbers for the specified terms are as follows:

- **unequaled-atmosphere**: **5521644**  
- **adamant-waveform**: **2532210**  
- **flagrant-woodshed**: **",vllm,full_replacement,0.75,0.543,40.375
niah_single_2,['2147909'],4096,"**2147909**.
</think>

The special magic number for ""swanky-dozen"" mentioned in the provided text is **2147909**.",vllm,full_replacement,0.75,0.543,40.375
niah_single_3,['67814c1f-cc53-4e36-addc-3e13ab3b4d37'],4096,": 67814c1f-cc53-4e36-addc-3e13ab3b4d37.
</think>

The special magic UUID for inquisitive-library mentioned in the text is: **67814c1f-cc53-4e36-addc-3e13ab3b4d37**.",vllm,full_replacement,0.75,0.543,40.375
niah_multikey_1,['2089275'],4096,"2789275.
</think>

The special magic number for **""2789275""** is **2789275**.",vllm,full_replacement,0.75,0.543,40.375
niah_multiquery,['1752920' '4350161' '3446428' '7271672'],4096,":

- **4350161** (for **filtered-out-paperwork**)
- **1752920** (for **filtered-out-paperwork**)
- **3446428** (for **filtered-out-paperwork**)
- **7271672** (for **filtered-out-paperwork**)

Wait, the special magic numbers for filtered-out-paperwork, filtered-out-paperwork, filtered-out-paperwork, and filtered-out-paperwork are mentioned in the provided text. The numbers are:

- **4350161**
- **1",vllm,full_replacement,0.75,0.543,40.375
niah_single_1,['1229419'],4096,"1229419.
</think>

The special magic number for scattered-trench mentioned in the provided text is **1229419**.",vllm,full_replacement,0.75,0.543,40.375
niah_single_1,['6338112'],4096,"**6338112**.
</think>

The special magic number for **amused-veto** mentioned in the provided text is:

**6338112**.",vllm,full_replacement,0.75,0.543,40.375
niah_single_3,['bd17c5e8-d5ca-49ab-8a2e-6a93c5580bb2'],4096,": 

**bd17c5e8-d5ca-49ab-8a2e-6a93c5580bb2**
</think>

The special magic UUID for `bd17c5e8-d5ca-49ab-8a2e-6a93c5580bb2` is:

**bd17c5e8-d5ca-49ab-8a2e-6a93c5580bb2**",vllm,full_replacement,0.75,0.543,40.375
fwe,['gmebgb' 'qsyeiu' 'reuvhy'],4096,"gmebgb, mgikxv, and reuvhy. The frequency of each word is as follows: gmebgb appears 10 times, mgikxv appears 9 times, and reuvhy appears 9 times.
</think>

gmebgb, mgikxv, reuvhy",vllm,full_replacement,0.75,0.543,40.375
niah_multikey_2,['4412989'],4096,"228,788. I will now quiz you about the number.
</think>

The special magic number for **capable-milkshake** is: **228788**.",vllm,full_replacement,0.75,0.543,40.375
qa_1,['Palm Springs' 'Palm Springs' 'Palm Springs'],4096,"Palm
</think>

Palm",vllm,full_replacement,0.75,0.543,40.375
niah_multikey_2,['5444179'],4096,"5444179.
</think>

The special magic number for **happy-bride** mentioned in the provided text is **5444179**.",vllm,full_replacement,0.75,0.543,40.375
niah_multivalue,['7245146' '2409947' '5342289' '2258076'],4096,":

1. 5342289
2. 2409947
3. 2258076
4. 7245146
5. 2258076 (repeated)
</think>

The special magic numbers for ""mature-commander"" mentioned in the provided text are:

1. **5342289**  
2. **2409947**  
3. **2258076**  
4. **7245146**  
5",vllm,full_replacement,0.75,0.543,40.375
niah_single_3,['c8a723e9-bfa0-46c2-809c-b50648f1096d'],4096,": 

c8a723e9-bfa0-46c2-809c-b50648f1096d
</think>

The special magic UUID for **special-sherbet** mentioned in the text is:

**c8a723e9-bfa0-46c2-809c-b50648f1096d**",vllm,full_replacement,0.75,0.543,40.375
niah_single_2,['7067228'],4096,"7067228.
</think>

The special magic number for tangy-boysenberry mentioned in the provided text is **7067228**.",vllm,full_replacement,0.75,0.543,40.375
qa_1,"['NP-complete Boolean satisfiability problem'
 'NP-complete Boolean satisfiability'
 'the NP-complete Boolean satisfiability problem']",4096,the Answer is the Answer is the Answer is the Answer is the Answer is the Answer is the Answer is the Answer is the Answer is the Answer is the Answer is the Answer is the Answer is the Answer is the Answer is the Answer is the Answer is the Answer is the Answer is the Answer is the Answer is the Answer is the Answer is the Answer is the Answer is the Answer is the Answer is the Answer is the Answer is the Answer is the Answer is the Answer is the Answer is the Answer is the Answer is the Answer is the Answer is the Answer is the Answer is the Answer is the Answer is the Answer is the Answer,vllm,full_replacement,0.75,0.543,40.375
qa_1,"['A probabilistic Turing machine' 'probabilistic'
 'probabilistic Turing machine']",4096,"probabilistic Turing machine
</think>

probabilistic Turing machine",vllm,full_replacement,0.75,0.543,40.375
qa_2,['author'],4096,Eric Ambler and the given documents are both Eric Ambler and the given documents are both Eric Ambler and the given documents are both Eric Ambler and the given documents are both Eric Ambler and the given documents are both Eric Ambler and the given documents are both Eric Ambler and the given documents are both Eric Ambler and the given documents are both Eric Ambler and the given documents are both Eric Ambler and the given documents are both Eric Ambler and the given documents are both Eric Ambler and the given documents are both Eric Ambler and the given documents are both Eric Ambler and the given documents are both Eric Amb,vllm,full_replacement,0.75,0.543,40.375
fwe,['frxhxt' 'qyhgtv' 'rtvpqv'],4096,"frxhxt, kxedzq, and fervta.
</think>

Answer: frxhxt, kxedzq, fervta",vllm,full_replacement,0.75,0.543,40.375
niah_single_3,['c9dc72b8-5b6a-4102-8428-7378bf5023f4'],4096,": c9dc72b8-5b6a-4102-8428-7378bf5023f4.
</think>

The special magic UUID for "" gaping-member"" mentioned in the provided text is: **c9dc72b8-5b6a-4102-8428-7378bf5023f4**.",vllm,full_replacement,0.75,0.543,40.375
qa_2,['1943'],4096,"1949
</think>

1949",vllm,full_replacement,0.75,0.543,40.375
niah_single_2,['5255545'],4096,"5255545.
</think>

The special magic number for lively-inn mentioned in the provided text is **5255545**.",vllm,full_replacement,0.75,0.543,40.375
niah_multivalue,['7267813' '7636992' '2695038' '6646557'],4096,":

1. 2695038
2. 7636992
3. 7267813
</think>

The special magic numbers for **buttery-pillow** mentioned in the provided text are:

1. **2695038**  
2. **7636992**  
3. **7267813**  

These numbers are explicitly referenced in the text and are considered ""special magic numbers"" for the purpose of the exercise.",vllm,full_replacement,0.75,0.543,40.375
niah_multikey_1,['9692311'],4096,"**1929673**.
</think>

The special magic number for creepy-juice mentioned in the text is **1929673**.",vllm,full_replacement,0.75,0.543,40.375
niah_multiquery,['7352484' '4942645' '8517846' '8702329'],4096,"as follows:

- **Melodic-linkage**: 4942645
- **Obeisant-blowgun**: 8517846
- **Special magic number for scattered-lawn**: 7352484
- **Special magic number for melodic-linkage**: 4942645
- **Special magic number for obeisant-blowgun**: 8517846
- **Special magic number for scattered-lawn**: 7352484
- **Special magic number for melodic-linkage",vllm,full_replacement,0.75,0.543,40.375
niah_single_1,['9648751'],4096,"9648751.
</think>

The special magic number for stingy-hostess mentioned in the provided text is **9648751**.",vllm,full_replacement,0.75,0.543,40.375
qa_2,['Scott Sidney'],4096,"Alain Resnais
</think>

Answer: Alain Resnais",vllm,full_replacement,0.75,0.543,40.375
qa_1,['economically' 'economically' 'economically'],4096,"economically
</think>

Answer: economically",vllm,full_replacement,0.75,0.543,40.375
niah_single_2,['7754864'],4096,"7754864.
</think>

The special magic number for **xiomatic-**tearmor mentioned in the text is **7754864**.",vllm,full_replacement,0.75,0.543,40.375
niah_single_2,['3182975'],4096,"3182975.
</think>

The special magic number for ""little-petal"" mentioned in the provided text is **3182975**.",vllm,full_replacement,0.75,0.543,40.375
niah_single_2,['9240971'],4096,"9240971.
</think>

The special magic number for volatile-surge mentioned in the provided text is **9240971**.",vllm,full_replacement,0.75,0.543,40.375
niah_multikey_3,['87e504ce-1c17-4c69-9535-99c6c379b61d'],4096,the text is the text is the text is the text is the text is the text is the text is the text is the text is the text is the text is the text is the text is the text is the text is the text is the text is the text is the text is the text is the text is the text is the text is the text is the text is the text is the text is the text is the text is the text is the text is the text is the text is the text is the text is the text is the text is the text is the text is the text is the text is the text is the text,vllm,full_replacement,0.75,0.543,40.375
niah_single_3,['8e85140d-0f9a-4b70-8670-7cd64ceda164'],4096,": 8e85140d-0f9a-4b70-8670-7cd64ceda164.
</think>

The special magic UUID for **momentous-crust** mentioned in the text is:  
**8e85140d-0f9a-4b70-8670-7cd64ceda164**.",vllm,full_replacement,0.75,0.543,40.375
niah_single_1,['8290770'],4096,"8290770.
</think>

The special magic number for squealing-influx mentioned in the provided text is **8290770**.",vllm,full_replacement,0.75,0.543,40.375
cwe,"['decline' 'waitress' 'uniformity' 'ask' 'atelier' 'junket' 'church'
 'retention' 'snake' 'agriculture']",4096,"1. atelier 2. snake 3. retention 4. uniformity 5. junket 6. agriculture 7. calculation 8. divergent 9. distribution 10. removal
</think>

To determine the 10 most common words in the given list, we need to count the frequency of each word and identify the top 10.

### Step-by-step Analysis:

1. **List the words**: The list contains 100 words, and we need to count how many times each word appears.
2. **Count the frequency**: We will count the occurrences of each word.",vllm,full_replacement,0.75,0.543,40.375
fwe,['dznynv' 'pwvgox' 'skmtng'],4096,"dznynv, jgaxre, and cwvpjw.
</think>

Answer: dznynv, jgaxre, cwvpjw",vllm,full_replacement,0.75,0.543,40.375
niah_single_1,['7089806'],4096,"7089806.
</think>

The special magic number for colossal-duck mentioned in the provided text is **7089806**.",vllm,full_replacement,0.75,0.543,40.375
fwe,['dtpgpe' 'pkwkfe' 'pvyqym'],4096,"dtpgpe, ibnftf, and dlhzsp.
</think>

Answer: dtpgpe, ibnftf, dlhzsp",vllm,full_replacement,0.75,0.543,40.375
niah_multivalue,['8375356' '7972975' '9124385' '8792046'],4096,":

1. 9124385
2. 7972975
3. 8375356
4. 8972046
</think>

The special magic numbers for ""different-harbor"" mentioned in the provided text are:

1. **9124385**  
2. **7972975**  
3. **8375356**  
4. **8972046**",vllm,full_replacement,0.75,0.543,40.375
qa_2,['defensive coordinator'],4096,"defensive coordinator
</think>

Answer: defensive coordinator",vllm,full_replacement,0.75,0.543,40.375
niah_single_1,['9646569'],4096,"9646569.
</think>

The special magic number for tasty-consul mentioned in the provided text is **9646569**.",vllm,full_replacement,0.75,0.543,40.375
niah_multikey_3,['d33343eb-08ec-4357-bddb-bed37e4648a5'],4096,": d3334357-43ec-4357-bddb-bed37e4357-bddb.
</think>

The special magic uuid for `5fdc4357-43ec-4357-bddb-bed37e4357-bddb` mentioned in the provided text is: **d3334357-43ec-4357-bddb-bed37e4357-bddb**.",vllm,full_replacement,0.75,0.543,40.375
cwe,"['grid' 'easy' 'spiffy' 'airfield' 'nifty' 'buze' 'damp' 'lottery' 'barn'
 'bandana']",4096,"1. spiffy 2. barn 3. easy 4. damp 5. bandana 6. buze 7. spiffy 8. spiffy 9. spiffy 10. spiffy
</think>

To determine the 10 most common words in the list, we need to count the frequency of each word and identify the top 10. Here's the analysis:

### Step 1: Count the frequency of each word
We'll go through the list and count how many times each word appears.

1. **spiffy** – appears **1",vllm,full_replacement,0.75,0.543,40.375
qa_2,['John John Florence'],4096,John John John John John John John John John John John John John John John John John John John John John John John John John John John John John John John John John John John John John John John John John John John John John John John John John John John John John John John John John John John John John John John John John John John John John John John John John John John John John John John John John John John John John John John John John John John John John John John John John John John John John John John John John John John John John John John John John John John John John John John John John John John John John John John John,vllm,full_replacement,0.75,0.543,40.375
qa_2,['1944'],4096,"1944
</think>

1944",vllm,full_replacement,0.75,0.543,40.375
niah_multikey_1,['5942041'],4096,"5402041.
</think>

The special magic number for **""colorful-alpaca""** mentioned in the text is **5402041**.",vllm,full_replacement,0.75,0.543,40.375
niah_multivalue,['5597283' '2565985' '7047102' '5200835'],4096,":

1. 7047102
2. 2565985
3. 5200835
4. 5597283
</think>

The special magic numbers for ""locust"" mentioned in the provided text are:

1. **7047102**  
2. **2565985**  
3. **5200835**  
4. **5597283**  

These numbers are explicitly stated in the text and are referred to as ""special magic numbers",vllm,full_replacement,0.75,0.543,40.375
qa_2,['2014'],4096,"2007
</think>

Answer: 2007",vllm,full_replacement,0.75,0.543,40.375
fwe,['fjnmov' 'olkknp' 'pwkedz'],4096,"fjnmov, olkknp, and ksbzrj.
</think>

Answer: fjnmov, olkknp, ksbzrj",vllm,full_replacement,0.75,0.543,40.375
qa_2,"['Istanbul, Turkey']",4096,"İstanbul
</think>

Answer: İstanbul",vllm,full_replacement,0.75,0.543,40.375
niah_multivalue,['8189168' '5682726' '5433204' '3182154'],4096,":

1. 5433204
2. 5682726
3. 3182154
4. 8189168
</think>

The special magic numbers for ""ambiguous-cup"" mentioned in the provided text are:

1. **5433204**  
2. **5682726**  
3. **3182154**  
4. **8189168**",vllm,full_replacement,0.75,0.543,40.375
niah_multiquery,['8852085' '4234838' '9796605' '3251501'],4096,"the following magic numbers are hidden: 8852085, 3251501, and 4234838. These numbers are mentioned in the text as special magic numbers. The user is asking about the numbers. The text contains the following magic numbers: 8852085, 3251501, and 4234838. The user is asking about the numbers. The text contains the following magic numbers: 8852085, 3251501, and 4",vllm,full_replacement,0.75,0.543,40.375
cwe,"['wisdom' 'currant' 'cast' 'energy' 'sassy' 'fridge' 'ripe' 'personnel'
 'restroom' 'clever']",4096,"1. cast 2. sassy 3. currant 4. fridge 5. restroom 6. clever 7. personnel 8. currant 9. sassy 10. sassy
</think>

To determine the 10 most common words in the list, we need to count the frequency of each word and identify the top 10. Here's the analysis:

### Step 1: Count the frequency of each word
We'll go through the list and count how many times each word appears.

1. **cast** – 12 times  
2. **sassy** –",vllm,full_replacement,0.75,0.543,40.375
niah_multikey_1,['4161264'],4096,"4161264.
</think>

The special magic number for **lazy-poetry** mentioned in the text is **9223833**. 

However, the question specifically asks for the **special magic number for *lazy-bombing***, which is **4161264**. 

So, the correct answer is: **4161264**.",vllm,full_replacement,0.75,0.543,40.375
niah_single_1,['2147909'],4096,"2147909.
</think>

The special magic number for swanky-dozen mentioned in the provided text is **2147909**.",vllm,full_replacement,0.75,0.543,40.375
fwe,['evdlxb' 'okwipf' 'piwkmk'],4096,"evdlxb, kuuvfn, and okwipf.
</think>

Answer: evdlxb, kuuvfn, okwipf",vllm,full_replacement,0.75,0.543,40.375
niah_multikey_3,['444dc21c-ffe6-4a54-a5aa-aa628295a3f9'],4096,: 456aa33333333333333333333333333333333333333333333333333333333333333333333333333333333333333333333333333333333333333333333333333,vllm,full_replacement,0.75,0.543,40.375
niah_single_2,['3846949'],8192,the the the the the the the the the the the the the the the the the the the the the the the the the the the the the the the the the the the the the the the the the the the the the the the the the the the the the the the the the the the the the the the the the the the the the the the the the the the the the the the the the the the the the the the the the the the the the the the the the the the the the the the the the the the the the the the the the the the the the the the the the the the the the the the the,vllm,full_replacement,0.75,0.543,40.375
niah_multiquery,['9742856' '8590804' '6843509' '2637842'],8192,":

- **Special magic number for exotic-rape**: 9742856
- **Special magic number for noxious-pearl**: 8590804
- **Special magic number for plain-weed**: 6843509
- **Special magic number for periodic-orchard**: 2637842
</think>

The special magic numbers for the specified categories mentioned in the text are:

- **Exotic-rape**: 9742856  
- **Noxious-pearl**: 8590804",vllm,full_replacement,0.75,0.543,40.375
qa_1,['Inland Empire' 'Temecula and Murrieta'],8192,,vllm,full_replacement,0.75,0.543,40.375
niah_single_2,['2516313'],8192,": 
The
The
The
The
The
The
The
The
The
The
The
The
The
The
The
The
The
The
The
The
The
The
The
The
The
The
The
The
The
The
The
The
The
The
The
The
The
The
The
The
The
The
The
The
The
The
The
The
The
The
The
The
The
The
The
The
The
The
The
The
The
The
The",vllm,full_replacement,0.75,0.543,40.375
niah_multikey_3,['f9285706-577c-4717-836a-58870a5a2698'],8192,": 7c2c0f67-4aa9-b1fc-f2e6-b3d6b3d6b3d6.
</think>

The special magic uuid for `17cb67b8-6d0f-44e6-a174-f2e6b3d6b3d6` mentioned in the provided text is: `7c2c0f67-4aa9-b1fc-f2e6-b3d6b3d6b3d6`.",vllm,full_replacement,0.75,0.543,40.375
niah_multiquery,['3290672' '1899447' '1160783' '6277776'],8192,"as follows:

- **Lent-pleasant-awe**: 3290672
- **Odd-library**: 1899447
- **Lacking-spark**: 1160783
- **Elderly-spark**: 6277776

These numbers are highlighted in the text as special magic numbers, and the user has mentioned them in the text. The user has also mentioned them in the text. The user has also mentioned them in the text. The user has also mentioned them in the text. The user has also mentioned them in the",vllm,full_replacement,0.75,0.543,40.375
niah_single_3,['26242b40-a5cb-43a2-b98d-1ca68b6870b5'],8192,26242b40-a5cb-43a2-b98d-1ca68b6870b5. The special unique id is 26242b40-a5cb-43a2-b98d-1ca68b6870b5. The special unique id is 26242b40-a5cb-43a2-b98d-1ca68b6870b5. The special unique id is 26242b40-a5,vllm,full_replacement,0.75,0.543,40.375
niah_single_3,['af521b94-f186-447a-a794-63208cf6e8b8'],8192,": 

**uf521b94-f186-447a-a794-63208cf6e8b8**
</think>

The special magic UUID for puffy-crash mentioned in the text is:

**uf521b94-f186-447a-a794-63208cf6e8b8**",vllm,full_replacement,0.75,0.543,40.375
niah_multiquery,['9125900' '9214801' '8491822' '6008935'],8192,"as follows:

- **Rough-scene**: 9125900
- **Rough-scene**: 9125900 (This is a duplicate entry)
- **Rough-scene**: 9125900 (This is a duplicate entry)
- **Rough-scene**: 9125900 (This is a duplicate entry)
- **Rough-scene**: 9125900 (This is a duplicate entry)
- **Rough-scene**: 9125900 (This is a duplicate entry",vllm,full_replacement,0.75,0.543,40.375
niah_single_2,['3937176'],8192,"3937176.
</think>

The special magic number for doubtful-cap mentioned in the provided text is **3937176**.",vllm,full_replacement,0.75,0.543,40.375
niah_single_3,['9f0fda8d-0537-4ff6-96d7-b3b833094d35'],8192,": ""9f0fda8d-0537-4ff6-96d7-b3b833094d35. This is the special magic
The special magic
The special magic
The special magic
The special magic
The special magic
The special magic
The special magic
The special magic
The special magic
The special magic
The special magic
The special magic
The special magic
The special magic
The special magic
The special magic
The special magic
The special magic
The special magic
The special magic
The special magic
The special",vllm,full_replacement,0.75,0.543,40.375
niah_multikey_1,['8727886'],8192,"8727886.
</think>

The special magic number for **determined-bin** mentioned in the provided text is **8727886**.",vllm,full_replacement,0.75,0.543,40.375
niah_multiquery,['4815608' '7412371' '3302852' '5032585'],8192,":

1. For rebellious-printing: 4815608
2. For bumpy-lymphocyte: 7412371
3. For trashy-bee: 3302852
4. For mundane-telescreen: 5032585

These numbers are special magic numbers mentioned in the text for the specified categories.
</think>

The special magic numbers for the specified categories mentioned in the text are:

1. **Rebellious-printing**: 4815608  
2. **Bumpy-lymph",vllm,full_replacement,0.75,0.543,40.375
niah_single_1,['4769851'],8192,4769851. the number is 4769851. the number is 4769851. the number is 4769851. the number is 4769851. the number is 4769851. the number is 4769851. the number is 4769851. the number is 4769851. the number is 4769851. the number is 4769851,vllm,full_replacement,0.75,0.543,40.375
niah_single_1,['3551903'],8192,"3551903.
</think>

The special magic number for lying-deviation mentioned in the provided text is **3551903**.",vllm,full_replacement,0.75,0.543,40.375
niah_single_3,['87079ad4-80be-4e35-a1c2-645ac7332304'],8192,": 87079ad4-80be-4e35-a1c2-645ac7332304.
</think>

The special magic UUID for **habitual-espadrille** mentioned in the provided text is:

**87079ad4-80be-4e35-a1c2-645ac7332304**.",vllm,full_replacement,0.75,0.543,40.375
fwe,['qplshr' 'qqhjdc' 'gmtwsb'],8192,"qplshr, qqhjdc, and gmtwsb.
</think>

qplshr, qqhjdc, gmtwsb",vllm,full_replacement,0.75,0.543,40.375
niah_multikey_2,['9086649'],8192,"7294695.
</think>

The special magic number for **zonked-tepee** is **7294695**.",vllm,full_replacement,0.75,0.543,40.375
qa_1,['Palm Springs' 'Palm Springs' 'Palm Springs'],8192,"Palm
</think>

Answer: Palm",vllm,full_replacement,0.75,0.543,40.375
niah_multikey_2,['6838180'],8192,"not explicitly listed. The text contains a list of special magic numbers for various categories, but there is no mention of a special magic number specifically for ""synonymous-scarf."" The closest mention is for ""sordid-assassination"" with the number 1211254, but that is not the same as ""synonymous-scarf."" Therefore, the special magic number for synonymous-scarf is not provided in the text.
</think>

The special magic number for **synonymous-scarf** is **not explicitly mentioned** in the provided text. The text lists magic numbers for various categories, but",vllm,full_replacement,0.75,0.543,40.375
niah_multivalue,['1437264' '6349877' '4674549' '1491630'],8192,":

1. 4674549
2. 6349877
3. 1491630
4. 1437264
</think>

The special magic numbers for earsplitting-dragonfruit mentioned in the text are:

1. **4674549**  
2. **6349877**  
3. **1491630**  
4. **1437264**",vllm,full_replacement,0.75,0.543,40.375
niah_single_3,['38d77b9a-e916-4a57-b248-23ab177a8a5f'],8192,the special magic UUID is the one that is the special magic UUID is the one that is the special magic UUID is the one that is the special magic UUID is the one that is the special magic UUID is the one that is the special magic UUID is the one that is the special magic UUID is the one that is the special magic UUID is the one that is the special magic UUID is the one that is the special magic UUID is the one that is the special magic UUID is the one that is the special magic UUID is the one that is the special magic UUID is the one that is the special magic UUID is the one that is the special,vllm,full_replacement,0.75,0.543,40.375
niah_single_2,['5528972'],8192,"5528972.
</think>

The special magic number for lovely-basil mentioned in the provided text is **5528972**.",vllm,full_replacement,0.75,0.543,40.375
qa_1,"['NP-complete Boolean satisfiability problem'
 'NP-complete Boolean satisfiability'
 'the NP-complete Boolean satisfiability problem']",8192,"</think>

Answer: The question is asking for the answer based on the given documents. Only give me the answer and do not output any other words.",vllm,full_replacement,0.75,0.543,40.375
qa_1,"['A probabilistic Turing machine' 'probabilistic'
 'probabilistic Turing machine']",8192,"probabilistic Turing machine
</think>

probabilistic Turing machine",vllm,full_replacement,0.75,0.543,40.375
qa_2,['author'],8192,"Eric Ambler and Eric Shields are both known for their work in the field of the film.
</think>

Eric Ambler and Eric Shields are both known for their work in the field of the film.",vllm,full_replacement,0.75,0.543,40.375
fwe,['rbvoik' 'rfdzkt' 'hakvdl'],8192,"""rbvoik"", ""rfdzkt"", and ""unnedg"".
</think>

Answer: rbvoik, rfdzkt, unnedg",vllm,full_replacement,0.75,0.543,40.375
niah_single_3,['493e904d-30ec-4796-a59b-457fc0d7ac73'],8192,": 493e904d-30ec-4796-a59b-457fc0d7ac73.
</think>

The special magic UUID for **alike-dishwasher** mentioned in the text is:

**493e904d-30ec-4796-a59b-457fc0d7ac73**.",vllm,full_replacement,0.75,0.543,40.375
qa_2,['1943'],8192,"1949
</think>

Answer: 1949",vllm,full_replacement,0.75,0.543,40.375
niah_single_2,['6202210'],8192,"6202210.
</think>

The special magic number for husky-cape mentioned in the provided text is **6202210**.",vllm,full_replacement,0.75,0.543,40.375
niah_multivalue,['7297287' '2701688' '9044494' '4784650'],8192,":

1. 9044494
2. 2701688
3. 7297287
</think>

The special magic numbers for **kaput-collagen** mentioned in the provided text are:

1. **9044494**  
2. **2701688**  
3. **7297287**",vllm,full_replacement,0.75,0.543,40.375
niah_multikey_1,['3673322'],8192,"3673322.
</think>

The special magic number for **`elite-place`** mentioned in the provided text is **3673322**.",vllm,full_replacement,0.75,0.543,40.375
niah_multiquery,['8597490' '6752216' '9594877' '3318275'],8192,":

- **daffy-sun**: 3318275
- **many-spear**: 6752216
- **moldy-credential**: 9594877
- **heavy-penalty**: 8597490

These numbers are embedded within the text as part of the special magic numbers mentioned in the text.
</think>

The special magic numbers for the specified categories are as follows:

- **daffy-sun**: 3318275  
- **many-spear**: 67522",vllm,full_replacement,0.75,0.543,40.375
niah_single_1,['1652868'],8192,"**1652868**.
</think>

The special magic number for animated-abuse mentioned in the provided text is **1652868**.",vllm,full_replacement,0.75,0.543,40.375
qa_2,['Scott Sidney'],8192,"Alain Resnais
</think>

Answer: Alain Resnais",vllm,full_replacement,0.75,0.543,40.375
qa_1,['economically' 'economically' 'economically'],8192,"economically
</think>

Answer: economically",vllm,full_replacement,0.75,0.543,40.375
niah_single_2,['3762152'],8192,: the special magic number the special magic number the special magic number the special magic number the special magic number the special magic number the special magic number the special magic number the special magic number the special magic number the special magic number the special magic number the special magic number the special magic number the special magic number the special magic number the special magic number the special magic number the special magic number the special magic number the special magic number the special magic number the special magic number the special magic number the special magic number the special magic number the special magic number the special magic number the special magic number the special magic number the special magic number the special magic,vllm,full_replacement,0.75,0.543,40.375
niah_single_2,['4794319'],8192,"4794319.
</think>

The special magic number for sloppy-possible mentioned in the provided text is **4794319**.",vllm,full_replacement,0.75,0.543,40.375
niah_single_2,['7189302'],8192,"7189302.
</think>

The special magic number for large-cantaloupe mentioned in the text is **7189302**.",vllm,full_replacement,0.75,0.543,40.375
niah_multikey_3,['1934850a-e8ff-4869-b759-5b46d1264de7'],8192,": 9a3cb213-d89f-4415-9085-3b99a7d7a68a.
</think>

The special magic uuid for `c43cd8ec-5a87-427a-a7d4-3b99a7d7a68a` mentioned in the provided text is: **9a3cb213-d89f-4415-9085-3b99a7d7a68a**.",vllm,full_replacement,0.75,0.543,40.375
niah_single_3,['d453f867-b97e-4224-891f-691217abb863'],8192,"d453f867-b97e-4224-891f-691217abb863.
</think>

The special magic UUID for ""forbidden-query"" mentioned in the provided text is **d453f867-b97e-4224-891f-691217abb863**.",vllm,full_replacement,0.75,0.543,40.375
niah_single_1,['4188992'],8192,"**4188992**.
</think>

The special magic number for smelly-root mentioned in the provided text is **4188992**.",vllm,full_replacement,0.75,0.543,40.375
cwe,"['outstanding' 'vigorous' 'phrase' 'doctrine' 'snowman' 'singing'
 'gelatin' 'unique' 'asparagus' 'gown']",8192,"1. vigorous 2. asparagus 3. doctrine 4. phrase 5. gelatin 6. singing 7. unique 8. gown 9. snowman 10. doctrine
</think>

To determine the 10 most common words in the list, we need to count the frequency of each word and identify the ones that appear most often. Here's the analysis:

1. **vigorous** – Appears **25 times**
2. **asparagus** – Appears **24 times**
3. **doctrine** – Appears **23 times**
4. **phrase** – Appears **",vllm,full_replacement,0.75,0.543,40.375
fwe,['qiuwqq' 'qjiqmp' 'gpkrgi'],8192,"qiuwqq, qjiqmp, and xuoeem.
</think>

qiuwqq, qjiqmp, xuoeem",vllm,full_replacement,0.75,0.543,40.375
niah_single_1,['9852897'],8192,"9852897.
</think>

The special magic number for good-pharmacopoeia mentioned in the provided text is **9852897**.",vllm,full_replacement,0.75,0.543,40.375
fwe,['pxvsgw' 'pysupz' 'fmmvgz'],8192,"pxvsgw, pysupz, and fmmvgz.
</think>

Answer: pxvsgw, pysupz, fmmvgz",vllm,full_replacement,0.75,0.543,40.375
niah_multivalue,['1137194' '2803501' '8229768' '3247055'],8192,":

1. 8229768
2. 2803501
3. 3247055
4. 1137194
</think>

The special magic numbers for roomy-hound mentioned in the provided text are:

1. **8229768**  
2. **2803501**  
3. **3247055**  
4. **1137194**",vllm,full_replacement,0.75,0.543,40.375
qa_2,['defensive coordinator'],8192,"defensive
</think>

Answer: defensive",vllm,full_replacement,0.75,0.543,40.375
niah_single_1,['8669093'],8192,"8669093.
</think>

The special magic number for tense-statute mentioned in the provided text is **8669093**.",vllm,full_replacement,0.75,0.543,40.375
niah_multikey_3,['4f24d4a7-21ac-4998-91e7-7117c5162140'],8192,": 3e26b44a-4b9d-41b1-89ae-5726e0aaadd5.
</think>

The special magic uuid for `5d7cae33-0b00-4090-acb7-8ef38ef38ef38ef38ef38ef38ef38ef38ef38ef38ef38ef38ef38ef38ef38ef38ef38ef38ef38ef38ef38ef",vllm,full_replacement,0.75,0.543,40.375
cwe,"['specification' 'newspaper' 'oldie' 'gamy' 'radio' 'rainbow' 'reserve'
 'swivel' 'hunger' 'pit']",8192,"1. gamy 2. swivel 3. newspaper 4. hunger 5. specification 6. pit 7. rainbow 8. ad 9. reserve 10. gamy
</think>

To determine the 10 most common words in the given list, we need to count the frequency of each word and identify the ones that appear most often. Here's the analysis:

### Step 1: Count the frequency of each word
We will go through the list and count how many times each word appears. The words that appear most frequently are:

1. **gamy** – appears **3",vllm,full_replacement,0.75,0.543,40.375
qa_2,['John John Florence'],8192,,vllm,full_replacement,0.75,0.543,40.375
qa_2,['1944'],8192,"Answer: 1984
</think>

Answer: 1984",vllm,full_replacement,0.75,0.543,40.375
niah_multikey_1,['4407796'],8192,"4407796.
</think>

The special magic number for **harmful-hospital** mentioned in the text is **4407796**.",vllm,full_replacement,0.75,0.543,40.375
niah_multivalue,['7442986' '6897789' '8203947' '6276495'],8192,":

1. 8203947
2. 6897789
3. 7442986
</think>

The special magic numbers for spicy-skating mentioned in the provided text are:

1. **8203947**  
2. **6897789**  
3. **7442986**  

These numbers are explicitly called out in the text as part of the ""special magic numbers for spicy-skating.""",vllm,full_replacement,0.75,0.543,40.375
qa_2,['2014'],8192,"2012
</think>

Answer: 2012",vllm,full_replacement,0.75,0.543,40.375
fwe,['pooula' 'prbezn' 'gjksel'],8192,"pooula, tmeoln, and gjksel.",vllm,full_replacement,0.75,0.543,40.375
qa_2,"['Istanbul, Turkey']",8192,"İstanbul
</think>

Answer: İstanbul",vllm,full_replacement,0.75,0.543,40.375
niah_multivalue,['9535166' '8475204' '9167227' '1735708'],8192,":

1. 9167227
2. 8475204
3. 1735708
4. 9535166
</think>

The special magic numbers for rainy-sauce mentioned in the provided text are:

1. **9167227**  
2. **8475204**  
3. **1735708**  
4. **9535166**  

These numbers are explicitly stated in the text and are referred to as ""special magic numbers for",vllm,full_replacement,0.75,0.543,40.375
niah_multiquery,['3213658' '1968662' '8757420' '7969667'],8192,":

- **old-linseed**: 3213658
- **optimal-poncho**: 1968662
- **shaggy-sailboat**: 8757420
- **ragged-infancy**: 7969667
</think>

The special magic numbers mentioned in the text for the specified categories are:

- **old-linseed**: 3213658  
- **optimal-poncho**: 1968662  
- **shaggy-sailboat**: 8",vllm,full_replacement,0.75,0.543,40.375
cwe,"['orangutan' 'gastropod' 'lute' 'arthur' 'curd' 'colonial' 'actress'
 'catacomb' 'mast' 'absurd']",8192,"1. lute 2. curd 3. arthur 4. catacomb 5. gastropod 6. colonial 7. mast 8. gherkin 9. diver 10. orange
</think>

**Answer: The top 10 words that appear most often in the list are: 1. lute 2. curd 3. arthur 4. catacomb 5. gastropod 6. colonial 7. mast 8. gherkin 9. diver 10. orange.**",vllm,full_replacement,0.75,0.543,40.375
niah_multikey_1,['2699372'],8192,"2699372.
</think>

The special magic number for **worried-hut** mentioned in the provided text is **2699372**.",vllm,full_replacement,0.75,0.543,40.375
niah_single_1,['2516313'],8192,"**2516313**.
</think>

The special magic number for finicky-corruption mentioned in the provided text is **2516313**.",vllm,full_replacement,0.75,0.543,40.375
fwe,['rlowep' 'rykimj' 'hovqiq'],8192,"rlowep, rykimj, and ddswue.
</think>

Answer: rlowep, rykimj, ddswue",vllm,full_replacement,0.75,0.543,40.375
niah_multikey_3,['3945cac7-3f99-45a7-8af4-b5da33cd1fed'],8192,": c0a2e444-453d-448a-4a55-1023d694ea34.
</think>

The special magic uuid for `8084f1d1-fe82-4a8d-866b-c7a55d302449` mentioned in the provided text is: **c0a2e444-453d-448a-4a55-1023d694ea34**.",vllm,full_replacement,0.75,0.543,40.375
niah_single_2,['6188935'],4096,"6188935.
</think>

The special magic number for questionable-tangerine mentioned in the provided text is **6188935**.",vllm,filtering,0.01,2.386,40.383
niah_multiquery,['7373495' '6573679' '1113537' '8385715'],4096,":

- Swift-pigeon: 7373495
- Mammoth-caution: 6573679
- Homeless-octagon: 1113537
- Impossible-frenzy: 8385715
</think>

The special magic numbers for the specified categories mentioned in the text are as follows:

- **Swift-pigeon**: 7373495  
- **Mammoth-caution**: 6573679  
- **Homeless-octagon**: 111353",vllm,filtering,0.01,2.386,40.383
qa_1,['Inland Empire' 'Temecula and Murrieta'],4096,"the San Diego metropolitan area
</think>

the San Diego metropolitan area",vllm,filtering,0.01,2.386,40.383
niah_single_2,['8387112'],4096,"8387112.
</think>

The special magic number for chivalrous-barometer mentioned in the provided text is **8387112**.",vllm,filtering,0.01,2.386,40.383
niah_multikey_3,['23a4e70e-9dbc-45c0-aa7d-c57c6d9c5b50'],4096,": 23a4e70e-9dbc-45c0-aa7d-c57c6d9c5b50.
</think>

The special magic UUID for `a1fd4187-9c3a-4e0b-b5f3-f8aadc6dafff` mentioned in the provided text is:

**23a4e70e-9dbc-45c0-aa7d-c57c6d9c5b50**.",vllm,filtering,0.01,2.386,40.383
niah_multiquery,['9742856' '8590804' '6843509' '2637842'],4096,":

- Exotic-rape: 9742856
- Noxious-pearl: 8590804
- Plain-weed: 6843509
- Periodic-orchard: 2637842
</think>

The special magic numbers for the specified categories mentioned in the text are as follows:

- **Exotic-rape**: 9742856  
- **Noxious-pearl**: 8590804  
- **Plain-weed**: 6843509",vllm,filtering,0.01,2.386,40.383
niah_single_3,['715629ee-e893-4e3d-b354-ea6f61607459'],4096,": 715629ee-e893-4e3d-b354-ea6f61607459.
</think>

The special magic UUID for recondite-wiring mentioned in the provided text is:

**715629ee-e893-4e3d-b354-ea6f61607459**",vllm,filtering,0.01,2.386,40.383
niah_single_3,['345af934-b42a-4d93-9aba-0f15b2149062'],4096,": 345af934-b42a-4d93-9aba-0f15b2149062.
</think>

The special magic uuid for frantic-tale mentioned in the provided text is: **345af934-b42a-4d93-9aba-0f15b2149062**.",vllm,filtering,0.01,2.386,40.383
niah_multiquery,['5521644' '2532210' '1348050' '1674975'],4096,":

- Unequaled-atmosphere: 5521644
- Adamant-waveform: 2532210
- Flagrant-woodshed: 1348050
- Smelly-fascia: 1674975
</think>

The special magic numbers for the specified categories mentioned in the text are as follows:

- **Unequaled-atmosphere**: 5521644  
- **Adamant-waveform**: 2532210  
- **Flagrant-woodshed**: 13",vllm,filtering,0.01,2.386,40.383
niah_single_2,['2147909'],4096,"2147909.
</think>

The special magic number for swanky-dozen mentioned in the provided text is **2147909**.",vllm,filtering,0.01,2.386,40.383
niah_single_3,['67814c1f-cc53-4e36-addc-3e13ab3b4d37'],4096,": 67814c1f-cc53-4e36-addc-3e13ab3b4d37.
</think>

The special magic uuid for inquisitive-library mentioned in the provided text is: **67814c1f-cc53-4e36-addc-3e13ab3b4d37**.",vllm,filtering,0.01,2.386,40.383
niah_multikey_1,['2089275'],4096,"2089275.
</think>

The special magic number for **needy-deathwatch** mentioned in the provided text is **2089275**.",vllm,filtering,0.01,2.386,40.383
niah_multiquery,['1752920' '4350161' '3446428' '7271672'],4096,":

- Numerous-jury: 1752920
- Flipped-out-paperwork: 4350161
- Tacit-fluke: 3446428
- Various-coverall: 7271672
</think>

The special magic numbers for the specified categories mentioned in the text are as follows:

- **Numerous-jury**: 1752920  
- **Flipped-out-paperwork**: 4350161  
- **Tacit-fluke**: 3446428  
-",vllm,filtering,0.01,2.386,40.383
niah_single_1,['1229419'],4096,"1229419.
</think>

The special magic number for scattered-trench mentioned in the provided text is **1229419**.",vllm,filtering,0.01,2.386,40.383
niah_single_1,['6338112'],4096,"6338112.
</think>

The special magic number for amused-veto mentioned in the provided text is **6338112**.",vllm,filtering,0.01,2.386,40.383
niah_single_3,['bd17c5e8-d5ca-49ab-8a2e-6a93c5580bb2'],4096,": bd17c5e8-d5ca-49ab-8a2e-6a93c5580bb2.
</think>

The special magic UUID for quick-native mentioned in the provided text is:

**bd17c5e8-d5ca-49ab-8a2e-6a93c5580bb2**",vllm,filtering,0.01,2.386,40.383
fwe,['gmebgb' 'qsyeiu' 'reuvhy'],4096,"gmebgb, qsyeiu, and mgikxv.
</think>

gmebgb, qsyeiu, mgikxv",vllm,filtering,0.01,2.386,40.383
niah_multikey_2,['4412989'],4096,"4412989.
</think>

The special magic number for **capable-milkshake** mentioned in the provided text is **4412989**.",vllm,filtering,0.01,2.386,40.383
qa_1,['Palm Springs' 'Palm Springs' 'Palm Springs'],4096,"Palm Springs
</think>

Palm Springs",vllm,filtering,0.01,2.386,40.383
niah_multikey_2,['5444179'],4096,"5444179.
</think>

The special magic number for **happy-bride** mentioned in the provided text is **5444179**.",vllm,filtering,0.01,2.386,40.383
niah_multivalue,['7245146' '2409947' '5342289' '2258076'],4096,":

1. 5342289
2. 2409947
3. 2258076
4. 7245146
</think>

The special magic numbers for **mature-commander** mentioned in the provided text are:

1. **5342289**  
2. **2409947**  
3. **2258076**  
4. **7245146**  

These numbers are explicitly stated in the text and are referred to as ""special",vllm,filtering,0.01,2.386,40.383
niah_single_3,['c8a723e9-bfa0-46c2-809c-b50648f1096d'],4096,": c8a723e9-bfa0-46c2-809c-b50648f1096d.
</think>

The special magic uuid for stupid-sherbet mentioned in the provided text is: **c8a723e9-bfa0-46c2-809c-b50648f1096d**.",vllm,filtering,0.01,2.386,40.383
niah_single_2,['7067228'],4096,"**7067228**.
</think>

The special magic number for tangy-boysenberry mentioned in the provided text is **7067228**.",vllm,filtering,0.01,2.386,40.383
qa_1,"['NP-complete Boolean satisfiability problem'
 'NP-complete Boolean satisfiability'
 'the NP-complete Boolean satisfiability problem']",4096,"the NP-complete Boolean satisfiability problem
</think>

the NP-complete Boolean satisfiability problem",vllm,filtering,0.01,2.386,40.383
qa_1,"['A probabilistic Turing machine' 'probabilistic'
 'probabilistic Turing machine']",4096,"probabilistic Turing machine
</think>

probabilistic Turing machine",vllm,filtering,0.01,2.386,40.383
qa_2,['author'],4096,"</think>

screenwriting and novel writing",vllm,filtering,0.01,2.386,40.383
fwe,['frxhxt' 'qyhgtv' 'rtvpqv'],4096,"frxhxt, qyhgtv, and kxedzq.
</think>

Answer: frxhxt, qyhgtv, kxedzq",vllm,filtering,0.01,2.386,40.383
niah_single_3,['c9dc72b8-5b6a-4102-8428-7378bf5023f4'],4096,": c9dc72b8-5b6a-4102-8428-7378bf5023f4.
</think>

The special magic UUID for gaping-member mentioned in the provided text is: **c9dc72b8-5b6a-4102-8428-7378bf5023f4**.",vllm,filtering,0.01,2.386,40.383
qa_2,['1943'],4096,"1943
</think>

1943",vllm,filtering,0.01,2.386,40.383
niah_single_2,['5255545'],4096,"5255545.
</think>

The special magic number for lively-inn mentioned in the provided text is **5255545**.",vllm,filtering,0.01,2.386,40.383
niah_multivalue,['7267813' '7636992' '2695038' '6646557'],4096,":

1. 2695038
2. 7636992
3. 6646557
4. 7267813
</think>

The special magic numbers for **bloody-pillow** mentioned in the provided text are:

1. **2695038**  
2. **7636992**  
3. **6646557**  
4. **7267813**  

These numbers are explicitly stated in the text and are referred to as ""special",vllm,filtering,0.01,2.386,40.383
niah_multikey_1,['9692311'],4096,"**9692311**.
</think>

The special magic number for **creepy-juice** mentioned in the provided text is **9692311**.",vllm,filtering,0.01,2.386,40.383
niah_multiquery,['7352484' '4942645' '8517846' '8702329'],4096,":

- **boundless-icon**: 8702329
- **melodic-linkage**: 4942645
- **obeisant-blowgun**: 8517846
- **scattered-lawn**: 7352484
</think>

The special magic numbers for the specified categories mentioned in the text are as follows:

- **boundless-icon**: 8702329  
- **melodic-linkage**: 4942645  
- **obeisant-blowgun**: 851",vllm,filtering,0.01,2.386,40.383
niah_single_1,['9648751'],4096,"9648751.
</think>

The special magic number for **stingy-hostess** mentioned in the provided text is:

**9648751** ✅

This number is explicitly stated in the text:

> **One of the special magic numbers for stingy-hostess is: 9648751.**

The rest of the text consists of repeated lines about the grass, sky, sun, and a phrase (""Here we go. There and back again."") which appears to be a red herring or a distraction. The key detail is the line that directly mentions the",vllm,filtering,0.01,2.386,40.383
qa_2,['Scott Sidney'],4096,"</think>

Alain Resnais",vllm,filtering,0.01,2.386,40.383
qa_1,['economically' 'economically' 'economically'],4096,"economically
</think>

economically",vllm,filtering,0.01,2.386,40.383
niah_single_2,['7754864'],4096,"7754864.
</think>

The special magic number for axiomatic-tremor mentioned in the provided text is **7754864**.",vllm,filtering,0.01,2.386,40.383
niah_single_2,['3182975'],4096,"3182975.
</think>

The special magic number for little-petal mentioned in the provided text is **3182975**.",vllm,filtering,0.01,2.386,40.383
niah_single_2,['9240971'],4096,"9240971.
</think>

The special magic number for volatile-surge mentioned in the provided text is **9240971**.",vllm,filtering,0.01,2.386,40.383
niah_multikey_3,['87e504ce-1c17-4c69-9535-99c6c379b61d'],4096,": 87e504ce-1c17-4c69-9535-99c6c379b61d6d.
</think>

The special magic UUID for `1a9e82f

The special magic UUID for `1a9e82

The
</think>

</think> is: 87. One of the special. One of the special magic uuid for 8777. 

The special magic uuids for the text are:

- One of the special magic magic uuid is: 8932366f",vllm,filtering,0.01,2.386,40.383
niah_single_3,['8e85140d-0f9a-4b70-8670-7cd64ceda164'],4096,": 8e85140d-0f9a-4b70-8670-7cd64ceda164.
</think>

The special magic UUID for momentous-crust mentioned in the provided text is:

**8e85140d-0f9a-4b70-8670-7cd64ceda164**",vllm,filtering,0.01,2.386,40.383
niah_single_1,['8290770'],4096,"8290770.
</think>

The special magic number for squealing-influx mentioned in the provided text is **8290770**.",vllm,filtering,0.01,2.386,40.383
cwe,"['decline' 'waitress' 'uniformity' 'ask' 'atelier' 'junket' 'church'
 'retention' 'snake' 'agriculture']",4096,"1. retention 2. agriculture 3. atelier 4. junket 5. snake 6. church 7. ask 8. uniformity 9. waitress 10. decline
</think>

To determine the 10 most common words in the given list, we need to count the frequency of each word and then rank them from most to least frequent.

### Step-by-step Analysis:

1. **List the words** and count their occurrences.
2. **Sort the words** by frequency in descending order.
3. **Select the top 10** words.

### Word Frequency Count:

-",vllm,filtering,0.01,2.386,40.383
fwe,['dznynv' 'pwvgox' 'skmtng'],4096,"dznynv, pwvgox, and jgaxre.
</think>

Answer: dznynv, pwvgox, jgaxre",vllm,filtering,0.01,2.386,40.383
niah_single_1,['7089806'],4096,"7089806.
</think>

The special magic number for colossal-duck mentioned in the provided text is **7089806**.",vllm,filtering,0.01,2.386,40.383
fwe,['dtpgpe' 'pkwkfe' 'pvyqym'],4096,"dtpgpe, pvyqym, and pkwkfe.
</think>

Answer: dtpgpe, pvyqym, pkwkfe",vllm,filtering,0.01,2.386,40.383
niah_multivalue,['8375356' '7972975' '9124385' '8792046'],4096,":

1. 9124385
2. 7972975
3. 8792046
4. 8375356
</think>

The special magic numbers for different-harbor mentioned in the provided text are:

1. **9124385**  
2. **7972975**  
3. **8792046**  
4. **8375356**",vllm,filtering,0.01,2.386,40.383
qa_2,['defensive coordinator'],4096,"defensive coordinator


defensive coordinator",vllm,filtering,0.01,2.386,40.383
niah_single_1,['9646569'],4096,"9646569.
</think>

The special magic number for tasty-consul mentioned in the provided text is **9646569**.",vllm,filtering,0.01,2.386,40.383
niah_multikey_3,['d33343eb-08ec-4357-bddb-bed37e4648a5'],4096,": d33343eb-08ec-4357-bddb-bed37e4648a5.
</think>

The special magic UUID for `5fdc70ee-224a-45d1-adb6-bbd8125d0ae6` mentioned in the provided text is:

**d33343eb-08ec-4357-bddb-bed37e4648a5**.",vllm,filtering,0.01,2.386,40.383
cwe,"['grid' 'easy' 'spiffy' 'airfield' 'nifty' 'buze' 'damp' 'lottery' 'barn'
 'bandana']",4096,"1. barn 2. spiffy 3. bandana 4. lottery 5. damp 6. nifty 7. buze 8. grid 9. spiffy 10. barn
</think>

To determine the **10 most common words** in the given list, we need to count the frequency of each word and then list the top 10 based on that frequency.

---

### Step-by-Step Analysis:

We'll go through the list and count how many times each word appears. Here are the most frequent words and their counts:

1. **barn** –",vllm,filtering,0.01,2.386,40.383
qa_2,['John John Florence'],4096,"John John Florence
</think>

John John Florence",vllm,filtering,0.01,2.386,40.383
qa_2,['1944'],4096,"1944
</think>

1944",vllm,filtering,0.01,2.386,40.383
niah_multikey_1,['5942041'],4096,"5942041.
</think>

The special magic number for gaping-civilization mentioned in the provided text is **5942041**.",vllm,filtering,0.01,2.386,40.383
niah_multivalue,['5597283' '2565985' '7047102' '5200835'],4096,":

1. 7047102
2. 2565985
3. 5200835
4. 5597283
</think>

The special magic numbers for difficult-locust mentioned in the provided text are:

1. **7047102**  
2. **2565985**  
3. **5200835**  
4. **5597283**",vllm,filtering,0.01,2.386,40.383
qa_2,['2014'],4096,"2014
</think>

2014",vllm,filtering,0.01,2.386,40.383
fwe,['fjnmov' 'olkknp' 'pwkedz'],4096,"fjnmov, olkknp, and pwkedz.
</think>

Answer: fjnmov, olkknp, pwkedz",vllm,filtering,0.01,2.386,40.383
qa_2,"['Istanbul, Turkey']",4096,"İstanbul
</think>

İstanbul",vllm,filtering,0.01,2.386,40.383
niah_multivalue,['8189168' '5682726' '5433204' '3182154'],4096,":

1. 5433204
2. 5682726
3. 3182154
4. 8189168
</think>

The special magic numbers for ambiguous-cup mentioned in the provided text are:

1. **5433204**  
2. **5682726**  
3. **3182154**  
4. **8189168**",vllm,filtering,0.01,2.386,40.383
niah_multiquery,['8852085' '4234838' '9796605' '3251501'],4096,":

- Quack-duration: 8852085
- Groovy-distance: 4234838
- Tested

The special magic numbers mentioned in the text are:

- Tested-samovar: 9796605
</think>

The special magic numbers mentioned in the text are as follows:

- **tested-samovar****: 9796605
- Prickly-messy: 3251501. 

Wait, let me correct that. The special magic numbers for quack-duration, groovy-distance,",vllm,filtering,0.01,2.386,40.383
cwe,"['wisdom' 'currant' 'cast' 'energy' 'sassy' 'fridge' 'ripe' 'personnel'
 'restroom' 'clever']",4096,"1. cast 2. personnel 3. sassy 4. fridge 5. currant 6. ripe 7. wisdom 8. clever 9. restroom 10. energy
</think>

To determine the **10 most common words** in the given list, we need to count the frequency of each word and then rank them from most to least frequent.

---

### Step-by-Step Process:

1. **List all the words** from the numbered list.
2. **Count the frequency** of each word.
3. **Sort the words** by frequency in descending order.
4. **Select",vllm,filtering,0.01,2.386,40.383
niah_multikey_1,['4161264'],4096,"4161264.
</think>

The special magic number for **lamentable-bombing** mentioned in the provided text is **4161264**.",vllm,filtering,0.01,2.386,40.383
niah_single_1,['2147909'],4096,"2147909.
</think>

The special magic number for swanky-dozen mentioned in the provided text is **2147909**.",vllm,filtering,0.01,2.386,40.383
fwe,['evdlxb' 'okwipf' 'piwkmk'],4096,"evdlxb, okwipf, and piwkmk.
</think>

evdlxb, okwipf, piwkmk",vllm,filtering,0.01,2.386,40.383
niah_multikey_3,['444dc21c-ffe6-4a54-a5aa-aa628295a3f9'],4096,": 444dc21c-ffe6-4a54-a5aa-aa628295a3f9.
</think>

The special magic UUID for `e20b0960-240960-2404-4095-ac2895-ac28-d528785c6e2e` mentioned in the provided text is:

**444dc21c-ffe6-4a54-a5aa-aa62e-aa628295a3",vllm,filtering,0.01,2.386,40.383
niah_single_2,['3846949'],8192,": **3846949**. 

This number is mentioned in the context of a special magic number for zonked-sanity, and it is highlighted as a key point in the text. The text. The text. The text. The text. The text. 

 

 

 

 

 

 

 

 

 

 

 

 

 

 

 

 

 

 

 

 

 

 

 

 

 

 

 

 

 

 

 

 

 

 

 

 

 

 

 

 

 

 

 

 

 

 

 

 

 

 

 

**3846949**. 

This number is mentioned in the context",vllm,filtering,0.01,2.386,40.383
niah_multiquery,['9742856' '8590804' '6843509' '2637842'],8192,":

- Exotic-rape: 9742856
- Noxious-pearl: 8590804
- Plain-weed: 6843509
- Periodic-orchard: 2637842
</think>

The special magic numbers for the specified categories mentioned in the text are:

- **Exotic-rape**: 9742856  
- **Noxious-pearl**: 8590804  
- **Plain-weed**: 6843509  
- **",vllm,filtering,0.01,2.386,40.383
qa_1,['Inland Empire' 'Temecula and Murrieta'],8192,"the San Diego metropolitan area
</think>

the San Diego metropolitan area",vllm,filtering,0.01,2.386,40.383
niah_single_2,['2516313'],8192,"2516313.
</think>

The special magic number for finicky-corruption mentioned in the provided text is **2516313**.",vllm,filtering,0.01,2.386,40.383
niah_multikey_3,['f9285706-577c-4717-836a-58870a5a2698'],8192,": f9285706-577c-4717-836a-58870a5a2698.
</think>

The special magic UUID for `17cb67b8-6d0f-44e6-a174-a7856f2190cb` is:

**f9285706-577c-4717-836a-58870a5a2698**",vllm,filtering,0.01,2.386,40.383
niah_multiquery,['3290672' '1899447' '1160783' '6277776'],8192,"as follows:

1. **Pleasant-awe**: 3290672
2. **Odd-library**: 1899447
3. **Lacking-spark**: 1160783
4. **Elderly-drill**: 6277776

These numbers are explicitly mentioned in the text and are associated with the respective categories as indicated.
</think>

The special magic numbers for the specified categories mentioned in the text are:

- **Pleasant-awe**: **3290672**  
- **Odd-library**:",vllm,filtering,0.01,2.386,40.383
niah_single_3,['26242b40-a5cb-43a2-b98d-1ca68b6870b5'],8192,": 26242b40-a5cb-43a2-b98d-1ca68b6870b5.
</think>

The special magic UUID for concerned-tabernacle mentioned in the provided text is:

**26242b40-a5cb-43a2-b98d-1ca68b6870b5**",vllm,filtering,0.01,2.386,40.383
niah_single_3,['af521b94-f186-447a-a794-63208cf6e8b8'],8192,": af521b94-f186-447a-a794-63208cf6e8b8.
</think>

The special magic UUID for puffy-crash mentioned in the provided text is:

**af521b94-f186-447a-a794-63208cf6e8b8**",vllm,filtering,0.01,2.386,40.383
niah_multiquery,['9125900' '9214801' '8491822' '6008935'],8192,"as follows:

1. **Rough-scene**: 9125900
2. **Sour-mechanic**: 9214801
3. **Defective-presentation**: 8491822
4. **Half-part**: 6008935

These numbers are mentioned in the context of the text, and they are referred to as ""special magic numbers"" in the text.
</think>

The special magic numbers for the specified categories mentioned in the text are:

- **Rough-scene**: 9125900",vllm,filtering,0.01,2.386,40.383
niah_single_2,['3937176'],8192,"3937176.
</think>

The special magic number for doubtful-cap mentioned in the provided text is **3937176**.",vllm,filtering,0.01,2.386,40.383
niah_single_3,['9f0fda8d-0537-4ff6-96d7-b3b833094d35'],8192,": 9f0fda8d-0537-4ff6-96d7-b3b833094d35.
</think>

The special magic UUID for functional-pot mentioned in the provided text is:

**9f0fda8d-0537-4ff6-96d7-b3b833094d35**",vllm,filtering,0.01,2.386,40.383
niah_multikey_1,['8727886'],8192,"8727886.
</think>

The special magic number for **determined-bin** mentioned in the provided text is **8727886**.",vllm,filtering,0.01,2.386,40.383
niah_multiquery,['4815608' '7412371' '3302852' '5032585'],8192,":

- Rebellious-printing: 4815608
- Bumpy-lymphocyte: 7412371
- Trashy-bee: 3302852
- Mundane-telescreen: 5032585
</think>

The special magic numbers for the specified categories mentioned in the text are:

- **rebellious-printing**, **bumpy-lymphocyte**, **trashy-bee**, and **mundane-telescreen** mentioned in the text are:

- **Rebellious-printing**: 48",vllm,filtering,0.01,2.386,40.383
niah_single_1,['4769851'],8192,"4769851.
</think>

The special magic number for capricious-creme brulee mentioned in the provided text is **4769851**.",vllm,filtering,0.01,2.386,40.383
niah_single_1,['3551903'],8192,"3551903.
</think>

The special magic number for lying-deviation mentioned in the provided text is **3551903**.",vllm,filtering,0.01,2.386,40.383
niah_single_3,['87079ad4-80be-4e35-a1c2-645ac7332304'],8192,": 87079ad4-80be-4e35-a1c2-645ac7332304.
</think>

The special magic UUID for habitual-espadrille mentioned in the provided text is:

**87079ad4-80be-4e35-a1c2-645ac7332304**",vllm,filtering,0.01,2.386,40.383
fwe,['qplshr' 'qqhjdc' 'gmtwsb'],8192,"qplshr, qqhjdc, and gmtwsb.
</think>

qplshr, qqhjdc, gmtwsb",vllm,filtering,0.01,2.386,40.383
niah_multikey_2,['9086649'],8192,"9086649.
</think>

The special magic number for **zonked-tepee** is **9086649**.",vllm,filtering,0.01,2.386,40.383
qa_1,['Palm Springs' 'Palm Springs' 'Palm Springs'],8192,"Palm Springs
</think>

Palm Springs",vllm,filtering,0.01,2.386,40.383
niah_multikey_2,['6838180'],8192,"6838180.
</think>

The special magic number for **synonymous-scarf** mentioned in the provided text is **6838180**.",vllm,filtering,0.01,2.386,40.383
niah_multivalue,['1437264' '6349877' '4674549' '1491630'],8192,":

1. 4674549
2. 6349877
3. 1491630
4. 1437264
</think>

The special magic numbers for **earsplitting-dragonfruit** mentioned in the provided text are:

1. **4674549**  
2. **6349877**  
3. **1491630**  
4. **1437264**  

These numbers are explicitly stated in the text and are referred to as",vllm,filtering,0.01,2.386,40.383
niah_single_3,['38d77b9a-e916-4a57-b248-23ab177a8a5f'],8192,": 38d77b9a-e916-4a57-b248-23ab177a8a5f.
</think>

The special magic uuid for nosy-sensitivity mentioned in the provided text is: **38d77b9a-e916-4a57-b248-23ab177a8a5f**.",vllm,filtering,0.01,2.386,40.383
niah_single_2,['5528972'],8192,"5528972.
</think>

The special magic number for lovely-basil mentioned in the provided text is **5528972**.",vllm,filtering,0.01,2.386,40.383
qa_1,"['NP-complete Boolean satisfiability problem'
 'NP-complete Boolean satisfiability'
 'the NP-complete Boolean satisfiability problem']",8192,"</think>

Boolean satisfiability problem",vllm,filtering,0.01,2.386,40.383
qa_1,"['A probabilistic Turing machine' 'probabilistic'
 'probabilistic Turing machine']",8192,"probabilistic Turing machine
</think>

probabilistic Turing machine",vllm,filtering,0.01,2.386,40.383
qa_2,['author'],8192,"</think>

screenwriter and novelist",vllm,filtering,0.01,2.386,40.383
fwe,['rbvoik' 'rfdzkt' 'hakvdl'],8192,"rbvoik, rfdzkt, and hakvdl.
</think>

Answer: rbvoik, rfdzkt, hakvdl",vllm,filtering,0.01,2.386,40.383
niah_single_3,['493e904d-30ec-4796-a59b-457fc0d7ac73'],8192,": 493e904d-30ec-4796-a59b-457fc0d7ac73.
</think>

The special magic UUID for alike-dishwasher mentioned in the provided text is:

**493e904d-30ec-4796-a59b-457fc0d7ac73**",vllm,filtering,0.01,2.386,40.383
qa_2,['1943'],8192,"1992
</think>

1992",vllm,filtering,0.01,2.386,40.383
niah_single_2,['6202210'],8192,"6202210.
</think>

The special magic number for husky-cape mentioned in the provided text is **6202210**.",vllm,filtering,0.01,2.386,40.383
niah_multivalue,['7297287' '2701688' '9044494' '4784650'],8192,":

1. 9044494
2. 2701688
3. 4784650
4. 7297287
</think>

The special magic numbers for **kaput-collagen** mentioned in the provided text are:

1. **9044494**  
2. **2701688**  
3. **4784650**  
4. **7297287**  

These numbers are explicitly stated in the text and are associated with the term",vllm,filtering,0.01,2.386,40.383
niah_multikey_1,['3673322'],8192,"3673322.
</think>

The special magic number for **elite-placode** mentioned in the provided text is **3673322**.",vllm,filtering,0.01,2.386,40.383
niah_multiquery,['8597490' '6752216' '9594877' '3318275'],8192,":

- Heavy-penalty: 8597490  
- Many-spear: 6752216  
- Moldy-credential: 9594877  
- Daffy-sun: 3318275  

These numbers are explicitly stated in the context of the respective categories. Each number is associated with a specific category as follows:

1. **Heavy-penalty: 8597490  
-Many-sun: 3318275  
-Many-spear: 859749",vllm,filtering,0.01,2.386,40.383
niah_single_1,['1652868'],8192,"1652868.
</think>

The special magic number for animated-abuse mentioned in the provided text is **1652868**.",vllm,filtering,0.01,2.386,40.383
qa_2,['Scott Sidney'],8192,"Alain Resnais
</think>

Alain Resnais",vllm,filtering,0.01,2.386,40.383
qa_1,['economically' 'economically' 'economically'],8192,"economically
</think>

economically",vllm,filtering,0.01,2.386,40.383
niah_single_2,['3762152'],8192,"3762152.
</think>

The special magic number for aware-judo mentioned in the provided text is **3762152**.",vllm,filtering,0.01,2.386,40.383
niah_single_2,['4794319'],8192,"4794319.
</think>

The special magic number for sloppy-possible mentioned in the provided text is **4794319**.",vllm,filtering,0.01,2.386,40.383
niah_single_2,['7189302'],8192,"7189302.
</think>

The special magic number for large-cantaloupe mentioned in the provided text is **7189302**.",vllm,filtering,0.01,2.386,40.383
niah_multikey_3,['1934850a-e8ff-4869-b759-5b46d1264de7'],8192,": 1934850a-e8ff-4869-b759-5b46d1264de7.
</think>

The special magic UUID for `c43cd8ec-5a87-427a-a7d4-ca94b438e3b8` is:

**1934850a-e8ff-4869-b759-5b46d1264de7**",vllm,filtering,0.01,2.386,40.383
niah_single_3,['d453f867-b97e-4224-891f-691217abb863'],8192,": d453f867-b97e-4224-891f-691217abb863.
</think>

The special magic UUID for likeable-query mentioned in the provided text is:

**d453f867-b97e-4224-891f-691217abb863**",vllm,filtering,0.01,2.386,40.383
niah_single_1,['4188992'],8192,"4188992.
</think>

The special magic number for smelly-root mentioned in the provided text is **4188992**.",vllm,filtering,0.01,2.386,40.383
cwe,"['outstanding' 'vigorous' 'phrase' 'doctrine' 'snowman' 'singing'
 'gelatin' 'unique' 'asparagus' 'gown']",8192,"1. asparagus 2. phrase 3. snowman 4. doctrine 5. unique 6. gown 7. vigorous 8. gelatin 9. singer 10. gown
</think>

To determine the **10 most common words** in the given list, we need to count the frequency of each word and then list the top 10 based on that frequency.

---

### Step-by-Step Process:

1. **List all the words** from the numbered list.
2. **Count the frequency** of each word.
3. **Sort the words** by frequency in descending order.",vllm,filtering,0.01,2.386,40.383
fwe,['qiuwqq' 'qjiqmp' 'gpkrgi'],8192,"qiuwqq, qjiqmp, and xuoeem.
</think>

qiuwqq, qjiqmp, xuoeem",vllm,filtering,0.01,2.386,40.383
niah_single_1,['9852897'],8192,"9852897.
</think>

The special magic number for **good-pharmacopoeia** mentioned in the provided text is:

**9852897**.",vllm,filtering,0.01,2.386,40.383
fwe,['pxvsgw' 'pysupz' 'fmmvgz'],8192,"pxvsgw, pysupz, and fmmvgz.
</think>

Answer: pxvsgw, pysupz, fmmvgz",vllm,filtering,0.01,2.386,40.383
niah_multivalue,['1137194' '2803501' '8229768' '3247055'],8192,":

1. 8229768
2. 2803501
3. 3247055
4. 1137194
</think>

The special magic numbers for roomy-hound mentioned in the provided text are:

1. **8229768**  
2. **2803501**  
3. **3247055**  
4. **1137194**",vllm,filtering,0.01,2.386,40.383
qa_2,['defensive coordinator'],8192,"defensive coordinator


defensive coordinator",vllm,filtering,0.01,2.386,40.383
niah_single_1,['8669093'],8192,"8669093.
</think>

The special magic number for tense-statute mentioned in the provided text is **8669093**.",vllm,filtering,0.01,2.386,40.383
niah_multikey_3,['4f24d4a7-21ac-4998-91e7-7117c5162140'],8192,": 4f24d4a7-21ac-4998-91e7-7117c5162140.
</think>

The special magic UUID for `5d7cae33-0b00-4090-acb7-8ef3fe628562` is:

**4f24d4a7-21ac-4998-91e7-7117c5162140**",vllm,filtering,0.01,2.386,40.383
cwe,"['specification' 'newspaper' 'oldie' 'gamy' 'radio' 'rainbow' 'reserve'
 'swivel' 'hunger' 'pit']",8192,"1. swivel 2. newspaper 3. hunger 4. gamy 5. radio 6. oldie 7. reserve 8. specification 9. pit 10. gamy
</think>

To determine the **10 most common words** in the given list, we need to count the frequency of each word and then list the top 10 based on that frequency.

---

### Step-by-Step Process:

1. **List all the words** from the numbered list.
2. **Count the frequency** of each word.
3. **Sort the words** by frequency in descending order",vllm,filtering,0.01,2.386,40.383
qa_2,['John John Florence'],8192,"John John Florence
</think>

John John Florence",vllm,filtering,0.01,2.386,40.383
qa_2,['1944'],8192,"1944
</think>

1944",vllm,filtering,0.01,2.386,40.383
niah_multikey_1,['4407796'],8192,"4407796.
</think>

The special magic number for **harsh-hospital** mentioned in the provided text is **4407796**.",vllm,filtering,0.01,2.386,40.383
niah_multivalue,['7442986' '6897789' '8203947' '6276495'],8192,":

1. 8203947
2. 6897789
3. 6276495
4. 7442986
</think>

The special magic numbers for spicy-skating mentioned in the provided text are:

1. **8203947**  
2. **6897789**  
3. **6276495**  
4. **7442986**",vllm,filtering,0.01,2.386,40.383
qa_2,['2014'],8192,"2008
</think>

2008",vllm,filtering,0.01,2.386,40.383
fwe,['pooula' 'prbezn' 'gjksel'],8192,"pooula, gjksel, and prbezn.
</think>

pooula, gjksel, prbezn",vllm,filtering,0.01,2.386,40.383
qa_2,"['Istanbul, Turkey']",8192,"İstanbul
</think>

İstanbul",vllm,filtering,0.01,2.386,40.383
niah_multivalue,['9535166' '8475204' '9167227' '1735708'],8192,":

1. 9167227
2. 8475204
3. 1735708
4. 9535166
</think>

The special magic numbers for rainy-sauce mentioned in the provided text are:

1. **9167227**  
2. **8475204**  
2. **8475204**  
3. **8475204**  
3. **1735204**  
3. **173",vllm,filtering,0.01,2.386,40.383
niah_multiquery,['3213658' '1968662' '8757420' '7969667'],8192,"as follows:

- **old-linseed**: 3213658
- **optimal-poncho**: 1968662
- **shaggy-sailboat**: 8757420
- **ragged-infancy**: 7969667
</think>

The special magic numbers for the specified terms mentioned in the text are:

- **old-linseed**: 3213658  
- **optimal-poncho**: 1968662  
- **shaggy-sailboat**:",vllm,filtering,0.01,2.386,40.383
cwe,"['orangutan' 'gastropod' 'lute' 'arthur' 'curd' 'colonial' 'actress'
 'catacomb' 'mast' 'absurd']",8192,"1. lute 2. mast 3. arthur 4. curd 5. gastropod 6. actress 7. colonial 8. catacomb 9. absurd 10. orchestra
</think>

To determine the **10 most common words** in the given list, we need to count the frequency of each word and then list the top 10 based on that frequency.

---

### Step-by-Step Process:

1. **List all the words** from the numbered list.
2. **Count the frequency** of each word.
3. **Sort the words** by frequency in",vllm,filtering,0.01,2.386,40.383
niah_multikey_1,['2699372'],8192,"2699372.
</think>

The special magic number for worried-hut mentioned in the provided text is **2699372**.",vllm,filtering,0.01,2.386,40.383
niah_single_1,['2516313'],8192,"2516313.
</think>

The special magic number for finicky-corruption mentioned in the provided text is **2516313**.",vllm,filtering,0.01,2.386,40.383
fwe,['rlowep' 'rykimj' 'hovqiq'],8192,"rlowep, rykimj, and hovqiq.
</think>

Answer: rlowep, rykimj, hovqiq",vllm,filtering,0.01,2.386,40.383
niah_multikey_3,['3945cac7-3f99-45a7-8af4-b5da33cd1fed'],8192,": 3945cac7-3f99-45a7-8af4-b5da33cd1fed.
</think>

The special magic UUID for `8084f1d1-fe82-4a8d-866b-c7a55d302449` is:

**3945cac7-3f99-45a7-8af4-b5da33cd1fed**.",vllm,filtering,0.01,2.386,40.383
niah_single_2,['6188935'],4096,"6188935.
</think>

The special magic number for questionable-tangerine mentioned in the provided text is **6188935**.",vllm,filtering,0.25,2.312,40.381
niah_multiquery,['7373495' '6573679' '1113537' '8385715'],4096,":

- **Swift-pigeon**: 7373495
- **Mammoth-caution**: 6573679
- **Homeless-octagon**: 1113537
- **Impossible-frenzy**: 8385715

These numbers are explicitly stated in the text and are associated with the respective categories as mentioned.
</think>

The special magic numbers for the specified categories in the text are as follows:

- **Swift-pigeon**: **7373495**  
- **Mammoth-caution**: **",vllm,filtering,0.25,2.312,40.381
qa_1,['Inland Empire' 'Temecula and Murrieta'],4096,"the San Diego metropolitan area
</think>

the San Diego metropolitan area",vllm,filtering,0.25,2.312,40.381
niah_single_2,['8387112'],4096,"8387112.
</think>

The special magic number for chivalrous-barometer mentioned in the provided text is **8387112**.",vllm,filtering,0.25,2.312,40.381
niah_multikey_3,['23a4e70e-9dbc-45c0-aa7d-c57c6d9c5b50'],4096,": 23a4e70e-9dbc-45c0-aa7d-c57c6d9c5b50.
</think>

The special magic UUID for `a1fd4187-9c3a-4e0b-b5f3-f8aadc6dafff` mentioned in the provided text is:

**23a4e70e-9dbc-45c0-aa7d-c57c6d9c5b50**.",vllm,filtering,0.25,2.312,40.381
niah_multiquery,['9742856' '8590804' '6843509' '2637842'],4096,":

- Exotic-rape: 9742856
- Noxious-pearl: 8590804
- Plain-weed: 6843509
- Periodic-orchard: 2637842
</think>

The special magic numbers for the specified categories mentioned in the text are as follows:

- **Exotic-rape**: 9742856  
- **Noxious-pearl**: 8590804  
- **Plain-weed**: 6843509",vllm,filtering,0.25,2.312,40.381
niah_single_3,['715629ee-e893-4e3d-b354-ea6f61607459'],4096,": 715629ee-e893-4e3d-b354-ea6f61607459.
</think>

The special magic uuid for recondite-wiring mentioned in the provided text is: **715629ee-e893-4e3d-b354-ea6f61607459**.",vllm,filtering,0.25,2.312,40.381
niah_single_3,['345af934-b42a-4d93-9aba-0f15b2149062'],4096,": 345af934-b42a-4d93-9aba-0f15b2149062.
</think>

The special magic UUID for **frantic-tale** mentioned in the provided text is:

**345af934-b42a-4d93-9aba-0f15b2149062**.",vllm,filtering,0.25,2.312,40.381
niah_multiquery,['5521644' '2532210' '1348050' '1674975'],4096,":

- Unequaled-atmosphere: 5521644
- Adamant-waveform: 2532210
- Flagrant-woodshed: 1348050
- Smelly-fascia: 1674975
</think>

The special magic numbers for the specified categories mentioned in the text are:

- **Unequaled-atmosphere**: 5521644  
- **Admant-waveform**: 2532210  
- **Flagrant-woodshed**: 1348",vllm,filtering,0.25,2.312,40.381
niah_single_2,['2147909'],4096,"**2147909**.
</think>

The special magic number for swanky-dozen mentioned in the provided text is **2147909**.",vllm,filtering,0.25,2.312,40.381
niah_single_3,['67814c1f-cc53-4e36-addc-3e13ab3b4d37'],4096,": 67814c1f-cc53-4e36-addc-3e13ab3b4d37.
</think>

The special magic UUID for inquisitive-library mentioned in the provided text is: **67814c1f-cc53-4e36-addc-3e13ab3b4d37**.",vllm,filtering,0.25,2.312,40.381
niah_multikey_1,['2089275'],4096,"2089275.
</think>

The special magic number for **nty-deathwatch** mentioned in the provided text is **2089275**.",vllm,filtering,0.25,2.312,40.381
niah_multiquery,['1752920' '4350161' '3446428' '7271672'],4096,":

- Flipped-out-paperwork: 4350161
- Numerous-jury: 1752920
- Tacit-fluke: 3446428
- Various-coverall: 7271672
</think>

The special magic numbers for the specified categories mentioned in the text are as follows:

- **Flipped-out-paperwork**: 4350161  
- **Numerous-jury**: 1752920  
- **Tacit-fluke**: 3446428  
-",vllm,filtering,0.25,2.312,40.381
niah_single_1,['1229419'],4096,"1229419.
</think>

The special magic number for scattered-trench mentioned in the provided text is **1229419**.",vllm,filtering,0.25,2.312,40.381
niah_single_1,['6338112'],4096,"6338112.
</think>

The special magic number for **amused-veto** mentioned in the provided text is:

**6338112**

This number is explicitly stated in the text as:

> ""One of the special magic numbers for amused-veto is: 6338112.""

So the answer is: **6338112**.",vllm,filtering,0.25,2.312,40.381
niah_single_3,['bd17c5e8-d5ca-49ab-8a2e-6a93c5580bb2'],4096,": bd17c5e8-d5ca-49ab-8a2e-6a93c5580bb2.
</think>

The special magic UUID for quick-native mentioned in the provided text is:

**bd17c5e8-d5ca-49ab-8a2e-6a93c5580bb2**.",vllm,filtering,0.25,2.312,40.381
fwe,['gmebgb' 'qsyeiu' 'reuvhy'],4096,"gmebgb, qsyeiu, and mgikxv.
</think>

gmebgb, qsyeiu, mgikxv",vllm,filtering,0.25,2.312,40.381
niah_multikey_2,['4412989'],4096,"4412989.
</think>

The special magic number for **capable-milkshake** mentioned in the provided text is **4412989**.",vllm,filtering,0.25,2.312,40.381
qa_1,['Palm Springs' 'Palm Springs' 'Palm Springs'],4096,"Palm Springs
</think>

Palm Springs",vllm,filtering,0.25,2.312,40.381
niah_multikey_2,['5444179'],4096,"5444179.
</think>

The special magic number for **happy-bride** mentioned in the provided text is **5444179**.",vllm,filtering,0.25,2.312,40.381
niah_multivalue,['7245146' '2409947' '5342289' '2258076'],4096,":

1. 5342289
2. 2409947
3. 2258076
4. 7245146
</think>

The special magic numbers for **mature-commander** mentioned in the provided text are:

1. **5342289**  
2. **2409947**  
3. **2258076**  
4. **7245146**  

These numbers are explicitly stated in the text and are associated with the concept of",vllm,filtering,0.25,2.312,40.381
niah_single_3,['c8a723e9-bfa0-46c2-809c-b50648f1096d'],4096,": c8a723e9-bfa0-46c2-809c-b50648f1096d.
</think>

The special magic uuid for stupid-sherbet mentioned in the provided text is: **c8a723e9-bfa0-46c2-809c-b50648f1096d**.",vllm,filtering,0.25,2.312,40.381
niah_single_2,['7067228'],4096,"7067228.
</think>

The special magic number for tangy-boysenberry mentioned in the provided text is **7067228**.",vllm,filtering,0.25,2.312,40.381
qa_1,"['NP-complete Boolean satisfiability problem'
 'NP-complete Boolean satisfiability'
 'the NP-complete Boolean satisfiability problem']",4096,"the NP-complete Boolean satisfiability problem
</think>

the NP-complete Boolean satisfiability problem",vllm,filtering,0.25,2.312,40.381
qa_1,"['A probabilistic Turing machine' 'probabilistic'
 'probabilistic Turing machine']",4096,"probabilistic Turing machine
</think>

probabilistic Turing machine",vllm,filtering,0.25,2.312,40.381
qa_2,['author'],4096,"Eric Ambler and Carol Shields are both best known for their profession as a writer.
</think>

Eric Ambler and Carol Shields are both best known for their profession as a writer.",vllm,filtering,0.25,2.312,40.381
fwe,['frxhxt' 'qyhgtv' 'rtvpqv'],4096,"frxhxt, qyhgtv, and kxedzq.
</think>

Answer: frxhxt, qyhgtv, kxedzq",vllm,filtering,0.25,2.312,40.381
niah_single_3,['c9dc72b8-5b6a-4102-8428-7378bf5023f4'],4096,": c9dc72b8-5b6a-4102-8428-7378bf5023f4.
</think>

The special magic UUID for gaping-member mentioned in the provided text is: **c9dc72b8-5b6a-4102-8428-7378bf5023f4**.",vllm,filtering,0.25,2.312,40.381
qa_2,['1943'],4096,"1943
</think>

1943",vllm,filtering,0.25,2.312,40.381
niah_single_2,['5255545'],4096,"5255545.
</think>

The special magic number for lively-inn mentioned in the provided text is **5255545**.",vllm,filtering,0.25,2.312,40.381
niah_multivalue,['7267813' '7636992' '2695038' '6646557'],4096,":

1. 2695038
2. 7636992
3. 6646557
4. 7267813
</think>

The special magic numbers for **bloody-pillow** mentioned in the provided text are:

1. **2695038**  
2. **7636992**  
3. **6646557**  
4. **7267813**  

These numbers are explicitly stated in the text and are associated with the concept of",vllm,filtering,0.25,2.312,40.381
niah_multikey_1,['9692311'],4096,"**9692311**.
</think>

The special magic number for creepy-juice mentioned in the provided text is **9692311**.",vllm,filtering,0.25,2.312,40.381
niah_multiquery,['7352484' '4942645' '8517846' '8702329'],4096,":

- Scattered-lawn: 7352484
- Melodic-linkage: 4942645
- Obeisant-blowgun: 8517846
- Boundless-icon: 8702329
</think>

The special magic numbers for the specified categories are as follows:

- **Scattered-lawn**: 7352484  
- **Melodic-linkage**: 4942645  
- **Obeisant-blowgun**: 8517846",vllm,filtering,0.25,2.312,40.381
niah_single_1,['9648751'],4096,"9648751.
</think>

The special magic number for **stingy-hostess** mentioned in the provided text is:

**9648751**.",vllm,filtering,0.25,2.312,40.381
qa_2,['Scott Sidney'],4096,"Alain Resnais
</think>

Alain Resnais",vllm,filtering,0.25,2.312,40.381
qa_1,['economically' 'economically' 'economically'],4096,"economically
</think>

economically",vllm,filtering,0.25,2.312,40.381
niah_single_2,['7754864'],4096,"7754864.
</think>

The special magic number for axiomatic-tremor mentioned in the provided text is **7754864**.",vllm,filtering,0.25,2.312,40.381
niah_single_2,['3182975'],4096,"3182975.
</think>

The special magic number for little-petal mentioned in the provided text is **3182975**.",vllm,filtering,0.25,2.312,40.381
niah_single_2,['9240971'],4096,"9240971.
</think>

The special magic number for volatile-surge mentioned in the provided text is **9240971**.",vllm,filtering,0.25,2.312,40.381
niah_multikey_3,['87e504ce-1c17-4c69-9535-99c6c379b61d'],4096,the same as the one mentioned in thec3c3c3c3c3c3c3c3c3c3c3c3c3c3c3c3c3c3c3c3c3c3c3c3c3c3c3c3c3c3c3c3c3c3c3c3c3c3c3c3c3c3c3c3c3c3c3c3c3c3c3c3c3c3c3c3c3c3c3c3,vllm,filtering,0.25,2.312,40.381
niah_single_3,['8e85140d-0f9a-4b70-8670-7cd64ceda164'],4096,": 8e85140d-0f9a-4b70-8670-7cd64ceda164.
</think>

The special magic uuid for momentous-crust mentioned in the provided text is: **8e85140d-0f9a-4b70-8670-7cd64ceda164**.",vllm,filtering,0.25,2.312,40.381
niah_single_1,['8290770'],4096,"8290770.
</think>

The special magic number for squealing-influx mentioned in the provided text is **8290770**.",vllm,filtering,0.25,2.312,40.381
cwe,"['decline' 'waitress' 'uniformity' 'ask' 'atelier' 'junket' 'church'
 'retention' 'snake' 'agriculture']",4096,"1. retention 2. agriculture 3. junket 4. snake 5. atelier 6. uniformity 7. church 8. waitress 9. ask 10. decline
</think>

To determine the 10 most common words in the given list, we need to count the frequency of each word and then rank them from most to least frequent.

### Step-by-Step Process:
1. **List all the words** in the numbered list.
2. **Count the frequency** of each word.
3. **Sort the words** by frequency in descending order.
4. **Select the",vllm,filtering,0.25,2.312,40.381
fwe,['dznynv' 'pwvgox' 'skmtng'],4096,"dznynv, pwvgox, and jgaxre.
</think>

Answer: dznynv, pwvgox, jgaxre",vllm,filtering,0.25,2.312,40.381
niah_single_1,['7089806'],4096,"7089806.
</think>

The special magic number for colossal-duck mentioned in the provided text is **7089806**.",vllm,filtering,0.25,2.312,40.381
fwe,['dtpgpe' 'pkwkfe' 'pvyqym'],4096,"dtpgpe, pvyqym, and pkwkfe.
</think>

Answer: dtpgpe, pvyqym, pkwkfe",vllm,filtering,0.25,2.312,40.381
niah_multivalue,['8375356' '7972975' '9124385' '8792046'],4096,":

1. 9124385
2. 7972975
3. 8792046
4. 8375356
</think>

The special magic numbers for different-harbor mentioned in the provided text are:

1. **9124385**  
2. **7972975**  
3. **8792046**  
4. **8375356**",vllm,filtering,0.25,2.312,40.381
qa_2,['defensive coordinator'],4096,"defensive coordinator


defensive coordinator",vllm,filtering,0.25,2.312,40.381
niah_single_1,['9646569'],4096,"9646569.
</think>

The special magic number for tasty-consul mentioned in the provided text is **9646569**.",vllm,filtering,0.25,2.312,40.381
niah_multikey_3,['d33343eb-08ec-4357-bddb-bed37e4648a5'],4096,"?
</think>

The special magic UUID mentioned in the text is **d5643994-e338-4f9d-b713-562870921680**. 

**Step-by-Step Explanation:**

1. **Identify the UUIDs in the text:**  
   The text lists multiple UUID pairs. Each pair has a ""parent"" UUID and a ""special magic UUID."" For example:  
   - For `5ab35b0d-de54-41b8-a2fb-efa228045",vllm,filtering,0.25,2.312,40.381
cwe,"['grid' 'easy' 'spiffy' 'airfield' 'nifty' 'buze' 'damp' 'lottery' 'barn'
 'bandana']",4096,"1. bandana 2. easy 3. spiffy 4. barn 5. nifty 6. lottery 7. grid 8. damp 9. buze 10. airfield
</think>

To determine the 10 most common words in the given list, we need to count the frequency of each word and then identify the top 10 based on that count.

### Step-by-Step Process:

1. **List the Words**: The list contains 630 words.
2. **Count the Frequency**: We count how many times each word appears.
3. **Sort",vllm,filtering,0.25,2.312,40.381
qa_2,['John John Florence'],4096,"John John Florence
</think>

John John Florence",vllm,filtering,0.25,2.312,40.381
qa_2,['1944'],4096,"1944
</think>

1944",vllm,filtering,0.25,2.312,40.381
niah_multikey_1,['5942041'],4096,"5942041.
</think>

The special magic number for gaping-civilization mentioned in the provided text is **5942041**.",vllm,filtering,0.25,2.312,40.381
niah_multivalue,['5597283' '2565985' '7047102' '5200835'],4096,":

1. 7047102
2. 2565985
3. 5200835
4. 5597283
</think>

The special magic numbers for **difficult-locust** mentioned in the provided text are:

1. **7047102**  
2. **2565985**  
3. **5200835**  
4. **5597283**  

These numbers are explicitly called out in the text as ""special magic numbers",vllm,filtering,0.25,2.312,40.381
qa_2,['2014'],4096,"2014
</think>

2014",vllm,filtering,0.25,2.312,40.381
fwe,['fjnmov' 'olkknp' 'pwkedz'],4096,"fjnmov, olkknp, and pwkedz.
</think>

Answer: fjnmov, olkknp, pwkedz",vllm,filtering,0.25,2.312,40.381
qa_2,"['Istanbul, Turkey']",4096,"İstanbul
</think>

İstanbul",vllm,filtering,0.25,2.312,40.381
niah_multivalue,['8189168' '5682726' '5433204' '3182154'],4096,":

1. 5433204
2. 5682726
3. 3182154
4. 8189168
</think>

The special magic numbers for ambiguous-cup mentioned in the provided text are:

1. **5433204**  
2. **5682726**  
3. **3182154**  
4. **8189168**",vllm,filtering,0.25,2.312,40.381
niah_multiquery,['8852085' '4234838' '9796605' '3251501'],4096,":

- Quack-duration: 8852085
- Groovy-distance: 4234838
- Tested-samovar: 9796605
- Prickly-messy: 3251501
</think>

The special magic numbers for the specified categories mentioned in the text are:

- **Quack-duration**: 8852085  
- **Groovy-distance**: 4234838  
- **Tested-samovar**: 9796605  
- **",vllm,filtering,0.25,2.312,40.381
cwe,"['wisdom' 'currant' 'cast' 'energy' 'sassy' 'fridge' 'ripe' 'personnel'
 'restroom' 'clever']",4096,"1. cast 2. sassy 3. fridge 4. personnel 5. currant 6. energy 7. wisdom 8. restroom 9. clever 10. ripe
</think>

To determine the 10 most common words in the given list, we need to count the frequency of each word and then rank them from most to least frequent.

### Step-by-Step Process:
1. **List all the words** in the numbered list.
2. **Count the frequency** of each word.
3. **Sort the words** by frequency in descending order.
4. **Select the top",vllm,filtering,0.25,2.312,40.381
niah_multikey_1,['4161264'],4096,"4161264.
</think>

The special magic number for **lamentable-bombing** mentioned in the provided text is **4161264**.",vllm,filtering,0.25,2.312,40.381
niah_single_1,['2147909'],4096,"2147909.
</think>

The special magic number for swanky-dozen mentioned in the provided text is **2147909**.",vllm,filtering,0.25,2.312,40.381
fwe,['evdlxb' 'okwipf' 'piwkmk'],4096,"evdlxb, okwipf, and piwkmk.
</think>

Answer: evdlxb, okwipf, piwkmk",vllm,filtering,0.25,2.312,40.381
niah_multikey_3,['444dc21c-ffe6-4a54-a5aa-aa628295a3f9'],4096,": 444dc21c-ffe6-4a54-a5aa-aa628295a3f9.
</think>

The special magic UUID for `e20b0960-2404-4095-ac28-d528785c6e2e` mentioned in the provided text is:

**444dc21c-ffe6-4a54-a5aa-aa628295a3f9**.",vllm,filtering,0.25,2.312,40.381
niah_single_2,['3846949'],8192,"3846949.
</think>

The special magic number for zonked-sanity mentioned in the provided text is **3846949**.",vllm,filtering,0.25,2.312,40.381
niah_multiquery,['9742856' '8590804' '6843509' '2637842'],8192,":

- Exotic-rape: 9742856
- Noxious-pearl: 8590804
- Plain-weed: 6843509
- Periodic-orchard: 2637842
</think>

The special magic numbers for the specified categories mentioned in the text are:

- **Exotic-rape**: 9742856  
- **Noxious-pearl**: 8590804  
- **Plain-weed**: 6843509  
- **",vllm,filtering,0.25,2.312,40.381
qa_1,['Inland Empire' 'Temecula and Murrieta'],8192,1. 1. 1. 1. 1. 1. 1. 1. 1. 1. 1. 1. 1. 1. 1. 1. 1. 1. 1. 1. 1. 1. 1. 1. 1. 1. 1. 1. 1. 1. 1. 1. 1. 1. 1. 1. 1. 1. 1. 1. 1. 1. 1,vllm,filtering,0.25,2.312,40.381
niah_single_2,['2516313'],8192,": 2516313.

The special magic number is: 2516313

The special magic number is: 2516313

The special magic number is: 2516313

The special magic number is: 2516313

The special magic number is: 2516313

The special magic number is: 2516313

The special magic number is: 2516313

The special magic number is: 25163",vllm,filtering,0.25,2.312,40.381
niah_multikey_3,['f9285706-577c-4717-836a-58870a5a2698'],8192,": f9285706-577c-4717-836a-58870a5a2698.
</think>

The special magic UUID for `17cb67b8-6d0f-44e6-a174-a7856f2190cb` mentioned in the provided text is:

**f9285706-577c-4717-836a-58870a5a2698**.",vllm,filtering,0.25,2.312,40.381
niah_multiquery,['3290672' '1899447' '1160783' '6277776'],8192,"as follows:

- **Pleasant-awe**: 3290672
- **Odd-library**: 1899447
- **Lacking-spark**: 1160783
- **Elderly-drill**: 6277776

These numbers are mentioned in the text as special magic numbers for each of the specified categories.
</think>

The special magic numbers for the specified categories mentioned in the text are:

- **Pleasant-awe**: 3290672  
- **Odd-library**: 1899",vllm,filtering,0.25,2.312,40.381
niah_single_3,['26242b40-a5cb-43a2-b98d-1ca68b6870b5'],8192,": 26242b40-a5cb-43a2-b98d-1ca68b6870b5. This uuid is hidden within the text and is the answer to the quiz. The text explicitly states: ""One of the special magic uuids for [con]tabernacle is: 26242b40-a5cb-43a2-b98d-1ca68b6870b5.""

Therefore, the answer is: **26242b40-a5cb-43a",vllm,filtering,0.25,2.312,40.381
niah_single_3,['af521b94-f186-447a-a794-63208cf6e8b8'],8192,": **af521b94-f186-447a-a794-63208cf6e8b8**.
</think>

The special magic uuid for puffy-crash mentioned in the provided text is: **af521b94-f186-447a-a794-63208cf6e8b8**.",vllm,filtering,0.25,2.312,40.381
niah_multiquery,['9125900' '9214801' '8491822' '6008935'],8192,"as follows:

1. **Rough-scene**: 9125900
2. **Sour-mechanic**: 9214801
3. **Defective-presentation**: 8491822
4. **Half-part**: 6008935

These numbers are mentioned in the context of the text, and they are likely to be used as a way to refer to specific things in the text.
</think>

The special magic numbers for the specified categories mentioned in the text are:

- **Rough-scene**: 9125",vllm,filtering,0.25,2.312,40.381
niah_single_2,['3937176'],8192,": 3937176. This number is mentioned in the text as a unique identifier for the magic number, and it is the same number that will be used when you're trying to solve problems where there are no customs yet to guide you. The number is mentioned in the text as a unique identifier for the magic number, and it is the same number that will be used when you're trying to solve problems where there are no customs yet to guide you. The number is mentioned in the text as a unique identifier for the magic number, and it is the same number that will be used when you're trying to solve",vllm,filtering,0.25,2.312,40.381
niah_single_3,['9f0fda8d-0537-4ff6-96d7-b3b833094d35'],8192,": 9f0fda8d-0537-4ff6-96d7-b3b833094d35.
</think>

The special magic uuid for functional-pot mentioned in the provided text is: **9f0fda8d-0537-4ff6-96d7-b3b833094d35**.",vllm,filtering,0.25,2.312,40.381
niah_multikey_1,['8727886'],8192,"8727886.
</think>

The special magic number for **determined-bin** mentioned in the provided text is **8727886**.",vllm,filtering,0.25,2.312,40.381
niah_multiquery,['4815608' '7412371' '3302852' '5032585'],8192,"the special magic numbers. The task is to identify the special magic numbers hidden within the text. The text contains several instances of these numbers, which are embedded in the text. The numbers are:

1. 4815608 - mentioned in the context of ""bumpy-lymphocyte""
2. 7412371 - mentioned in the context of ""bumpy-lymphocyte""
3. 5032585 - mentioned in the context of ""mundane-telescreen""
4. 3302852 - mentioned in the context of ""trash",vllm,filtering,0.25,2.312,40.381
niah_single_1,['4769851'],8192,": 4769851. The number is mentioned as ""One of the special magic numbers for capricious-creme brulee is: 4769851."" So the number is 4769851. The number is mentioned in the text. The number is 4769851. The number is mentioned in the text. The number is 4769851. The number is mentioned in the text. The number is 4769851. The number is mentioned in the text. The number is",vllm,filtering,0.25,2.312,40.381
niah_single_1,['3551903'],8192,"3551903.
</think>

The special magic number for lying-deviation mentioned in the provided text is **3551903**.",vllm,filtering,0.25,2.312,40.381
niah_single_3,['87079ad4-80be-4e35-a1c2-645ac7332304'],8192,": 87079ad4-80be-4e35-a1c2-645ac7332304.
</think>

The special magic UUID for habitual-espadrille mentioned in the provided text is:

**87079ad4-80be-4e35-a1c2-645ac7332304**.",vllm,filtering,0.25,2.312,40.381
fwe,['qplshr' 'qqhjdc' 'gmtwsb'],8192,"qplshr, qqhjdc, and gmtwsb.
</think>

qplshr, qqhjdc, gmtwsb",vllm,filtering,0.25,2.312,40.381
niah_multikey_2,['9086649'],8192,"9086649.
</think>

The special magic number for **zonked-tepee** mentioned in the provided text is **9086649**.",vllm,filtering,0.25,2.312,40.381
qa_1,['Palm Springs' 'Palm Springs' 'Palm Springs'],8192,"Palm Springs
</think>

Palm Springs",vllm,filtering,0.25,2.312,40.381
niah_multikey_2,['6838180'],8192,"6838180.
</think>

The special magic number for **synonymous-scarf** mentioned in the provided text is **6838180**.",vllm,filtering,0.25,2.312,40.381
niah_multivalue,['1437264' '6349877' '4674549' '1491630'],8192,":

1. 4674549
2. 6349877
3. 1491630
4. 1437264
</think>

The special magic numbers for **earsplitting-dragonfruit** mentioned in the provided text are:

1. **4674549**  
2. **6349877**  
3. **1491630**  
4. **1437264**  

These numbers are explicitly stated in the text and are associated with the",vllm,filtering,0.25,2.312,40.381
niah_single_3,['38d77b9a-e916-4a57-b248-23ab177a8a5f'],8192,": 38d77b9a-e916-4a57-b248-23ab177a8a5f.
</think>

The special magic uuid for nosy-sensitivity mentioned in the provided text is: **38d77b9a-e916-4a57-b248-23ab177a8a5f**.",vllm,filtering,0.25,2.312,40.381
niah_single_2,['5528972'],8192,"5528972.
</think>

The special magic number for lovely-basil mentioned in the provided text is **5528972**.",vllm,filtering,0.25,2.312,40.381
qa_1,"['NP-complete Boolean satisfiability problem'
 'NP-complete Boolean satisfiability'
 'the NP-complete Boolean satisfiability problem']",8192,"</think>

Answer: The integer factorization problem.",vllm,filtering,0.25,2.312,40.381
qa_1,"['A probabilistic Turing machine' 'probabilistic'
 'probabilistic Turing machine']",8192,"probabilistic Turing machine
</think>

probabilistic Turing machine",vllm,filtering,0.25,2.312,40.381
qa_2,['author'],8192,,vllm,filtering,0.25,2.312,40.381
fwe,['rbvoik' 'rfdzkt' 'hakvdl'],8192,"rbvoik, rfdzkt, and hakvdl.
</think>

Answer: rbvoik, rfdzkt, hakvdl",vllm,filtering,0.25,2.312,40.381
niah_single_3,['493e904d-30ec-4796-a59b-457fc0d7ac73'],8192,": 493e904d-30ec-4796-a59b-457fc0d7ac73.
</think>

The special magic UUID for alike-dishwasher mentioned in the provided text is: **493e904d-30ec-4796-a59b-457fc0d7ac73**.",vllm,filtering,0.25,2.312,40.381
qa_2,['1943'],8192,"1954
</think>

1954",vllm,filtering,0.25,2.312,40.381
niah_single_2,['6202210'],8192,"6202210.
</think>

The special magic number for husky-cape mentioned in the provided text is **6202210**.",vllm,filtering,0.25,2.312,40.381
niah_multivalue,['7297287' '2701688' '9044494' '4784650'],8192,":

1. 9044494
2. 2701688
3. 4784650
4. 7297287
</think>

The special magic numbers for **kaput-collagen** mentioned in the provided text are:

1. **9044494**  
2. **2701688**  
3. **4784650**  
4. **7297287**  

These numbers are explicitly called out in the text as ""special magic numbers",vllm,filtering,0.25,2.312,40.381
niah_multikey_1,['3673322'],8192,"3673322.
</think>

The special magic number for **elite-placode** mentioned in the provided text is **3673322**.",vllm,filtering,0.25,2.312,40.381
niah_multiquery,['8597490' '6752216' '9594877' '3318275'],8192,":

- Heavy-penalty: 8597490
- Many-spear: 6752216
- Moldy-credential: 9594877
- Daffy-sun: 3318275
</think>

The special magic numbers for the specified categories mentioned in the text are as follows:

- **Heavy-penalty**: `8597490`  
- **Many-spear**: `6752216`  
- **Moldy-credential**: `9594877",vllm,filtering,0.25,2.312,40.381
niah_single_1,['1652868'],8192,"1652868.
</think>

The special magic number for animated-abuse mentioned in the provided text is **1652868**.",vllm,filtering,0.25,2.312,40.381
qa_2,['Scott Sidney'],8192,"Alain Resnais
</think>

Alain Resnais",vllm,filtering,0.25,2.312,40.381
qa_1,['economically' 'economically' 'economically'],8192,"economically
</think>

economically",vllm,filtering,0.25,2.312,40.381
niah_single_2,['3762152'],8192,"3762152.
</think>

The special magic number for aware-judo mentioned in the provided text is **3762152**.",vllm,filtering,0.25,2.312,40.381
niah_single_2,['4794319'],8192,"4794319.
</think>

The special magic number for sloppy-possible mentioned in the provided text is **4794319**.",vllm,filtering,0.25,2.312,40.381
niah_single_2,['7189302'],8192,"7189302.
</think>

The special magic number for large-cantaloupe mentioned in the provided text is **7189302**.",vllm,filtering,0.25,2.312,40.381
niah_multikey_3,['1934850a-e8ff-4869-b759-5b46d1264de7'],8192,": 1934850a-e8ff-4869-b759-5b46d1264de7.
</think>

The special magic UUID for `c43cd8ec-5a87-427a-a7d4-ca94b438e3b8` mentioned in the provided text is:

**1934850a-e8ff-4869-b759-5b46d1264de7**.",vllm,filtering,0.25,2.312,40.381
niah_single_3,['d453f867-b97e-4224-891f-691217abb863'],8192,": d453f867-b97e-4224-891f-691217abb863. He is known for his role in the musical ""La"" and the Tony Award for Best Actor in a Play. He has also won the Tony Award for Best Actor in a Musical. He has won the Tony Award for Best Actor in a Play. He has won the Tony Award for Best Actor in a Play for his own play ""Torch Song Trilogy"" and the Tony Award for Best Actor in a Musical. He has won the Tony Award for Best Actor in",vllm,filtering,0.25,2.312,40.381
niah_single_1,['4188992'],8192,"4188992.
</think>

The special magic number for smelly-root mentioned in the provided text is **4188992**.",vllm,filtering,0.25,2.312,40.381
cwe,"['outstanding' 'vigorous' 'phrase' 'doctrine' 'snowman' 'singing'
 'gelatin' 'unique' 'asparagus' 'gown']",8192,"1. asparagus 2. phrase 3. snowman 4. vigorous 5. doctrine 6. gown 7. gelatin 8. unique 9. singer 10. doctrine
</think>

To determine the 10 most common words in the list, we need to count the frequency of each word and then rank them from most to least frequent. Here's the process:

1. **List all words** from the given numbered list.
2. **Count the occurrences** of each word.
3. **Sort the words** by frequency in descending order.
4. **Select the top 1",vllm,filtering,0.25,2.312,40.381
fwe,['qiuwqq' 'qjiqmp' 'gpkrgi'],8192,"qiuwqq, qjiqmp, and xuoeem.
</think>

qiuwqq, qjiqmp, xuoeem",vllm,filtering,0.25,2.312,40.381
niah_single_1,['9852897'],8192,"9852897.
</think>

The special magic number for good-pharmacopoeia mentioned in the provided text is **9852897**.",vllm,filtering,0.25,2.312,40.381
fwe,['pxvsgw' 'pysupz' 'fmmvgz'],8192,"pxvsgw, pysupz, and fmmvgz.
</think>

Answer: pxvsgw, pysupz, fmmvgz",vllm,filtering,0.25,2.312,40.381
niah_multivalue,['1137194' '2803501' '8229768' '3247055'],8192,":

1. 8229768
2. 2803501
3. 3247055
4. 1137194
</think>

The special magic numbers for roomy-hound mentioned in the provided text are:

1. **8229768**  
2. **2803501**  
3. **3247055**  
4. **1137194**",vllm,filtering,0.25,2.312,40.381
qa_2,['defensive coordinator'],8192,"Answer:	
</think>

Answer:	
Answer: assistant coach",vllm,filtering,0.25,2.312,40.381
niah_single_1,['8669093'],8192,"8669093.
</think>

The special magic number for tense-statute mentioned in the provided text is **8669093**.",vllm,filtering,0.25,2.312,40.381
niah_multikey_3,['4f24d4a7-21ac-4998-91e7-7117c5162140'],8192,": 4f24d9a7-21ac-4998-91e7-7117c5162140.
</think>

The special magic UUID for `5d7cae33-0b00-4090-acb7-8ef3fe628562` mentioned in the provided text is:

**4f24d9a7-21ac-4998-91e7-7117c5162140**.",vllm,filtering,0.25,2.312,40.381
cwe,"['specification' 'newspaper' 'oldie' 'gamy' 'radio' 'rainbow' 'reserve'
 'swivel' 'hunger' 'pit']",8192,"1. swivel 2. newspaper 3. gamy 4. hunger 5. radio 6. oldie 7. specification 8. reserve 9. pit 10. radio
</think>

The top 10 words that appear most often in the list are:  
1. **swivel**  
2. **newspaper**  
3. **gamy**  
4. **hunger**  
5. **radio**  
6. **oldie**  
7. **specification**  
8. **reserve**  
9. **pit**  
10. **radio",vllm,filtering,0.25,2.312,40.381
qa_2,['John John Florence'],8192,"John John Florence
</think>

Answer: John John Florence",vllm,filtering,0.25,2.312,40.381
qa_2,['1944'],8192,"1857
</think>

Answer: 1857",vllm,filtering,0.25,2.312,40.381
niah_multikey_1,['4407796'],8192,"4407796.
</think>

The special magic number for harsh-hospital mentioned in the provided text is **4407796**.",vllm,filtering,0.25,2.312,40.381
niah_multivalue,['7442986' '6897789' '8203947' '6276495'],8192,":

1. 8203947
2. 6897789
3. 6276495
4. 7442986
</think>

The special magic numbers for spicy-skating mentioned in the provided text are:

1. **8203947**  
2. **6897789**  
3. **6276495**  
4. **7442986**",vllm,filtering,0.25,2.312,40.381
qa_2,['2014'],8192,"2008
</think>

2008",vllm,filtering,0.25,2.312,40.381
fwe,['pooula' 'prbezn' 'gjksel'],8192,"pooula, gjksel, and tmeoln.
</think>

pooula, gjksel, tmeoln",vllm,filtering,0.25,2.312,40.381
qa_2,"['Istanbul, Turkey']",8192,"İstanbul
</think>

Answer: İstanbul",vllm,filtering,0.25,2.312,40.381
niah_multivalue,['9535166' '8475204' '9167227' '1735708'],8192,":

1. 9167227
2. 8475204
3. 1735708
4. 9535166
</think>

The special magic numbers for rainy-sauce mentioned in the provided text are:

1. **9167227**  
2. **8475204**  
3. **1735708**  
4. **9535166**  

These numbers are explicitly stated in the text and are referred to as ""special magic numbers for",vllm,filtering,0.25,2.312,40.381
niah_multiquery,['3213658' '1968662' '8757420' '7969667'],8192,":

- old-linseed: 3213658
- optimal-poncho: 1968662
- shaggy-sailboat: 8757420
- ragged-infancy: 7969667
</think>

The special magic numbers for the specified terms are:

- **old-linseed**: 3213658  
- **optimal-poncho**: 1968662  
- **shaggy-sailboat**: 8757420  
- **",vllm,filtering,0.25,2.312,40.381
cwe,"['orangutan' 'gastropod' 'lute' 'arthur' 'curd' 'colonial' 'actress'
 'catacomb' 'mast' 'absurd']",8192,"1. lute 2. curd 3. arthur 4. gastropod 5. colonial 6. mast 7. actress 8. absurd 9. catacomb 10. orange
</think>

To determine the 10 most common words in the given list, we need to count the frequency of each word and then list the top 10 based on that frequency.

### Step-by-Step Process:
1. **List all the words** from the numbered list.
2. **Count the frequency** of each word.
3. **Sort the words** by frequency in descending order",vllm,filtering,0.25,2.312,40.381
niah_multikey_1,['2699372'],8192,"2699372.
</think>

The special magic number for **worried-hut** mentioned in the provided text is **2699372**.",vllm,filtering,0.25,2.312,40.381
niah_single_1,['2516313'],8192,"2516313.
</think>

The special magic number for finicky-corruption mentioned in the provided text is **2516313**.",vllm,filtering,0.25,2.312,40.381
fwe,['rlowep' 'rykimj' 'hovqiq'],8192,"rlowep, rykimj, and hovqiq.
</think>

Answer: rlowep, rykimj, hovqiq",vllm,filtering,0.25,2.312,40.381
niah_multikey_3,['3945cac7-3f99-45a7-8af4-b5da33cd1fed'],8192,": 3945cac7-3f99-45a7-8af4-b5da33cd1fed.
</think>

The special magic UUID for `8084f1d1-fe82-4a8d-866b-c7a55d302449` mentioned in the provided text is:

**3945cac7-3f99-45a7-8af4-b5da33cd1fed**.",vllm,filtering,0.25,2.312,40.381
niah_single_2,['6188935'],4096,"6188935.
</think>

The special magic number for **questionable-tangerine** mentioned in the provided text is **6188935**.",vllm,filtering,0.5,2.163,40.379
niah_multiquery,['7373495' '6573679' '1113537' '8385715'],4096,":

- **Special magic number for swift-pigeon**: 7373495
- **Special magic number for mammoth-caution**: 6573679
- **Special magic number for homeless-octagon**: 1113537
- **Special magic number for impossible-frenzy**: 8385715
</think>

The special magic numbers for the specified categories are as follows:

- **Swift-pigeon**: 7373495  
- **Mammoth-caution**: 6573679",vllm,filtering,0.5,2.163,40.379
qa_1,['Inland Empire' 'Temecula and Murrieta'],4096,"the San Bernardino and Riverside areas
</think>

the San Bernardino and Riverside areas",vllm,filtering,0.5,2.163,40.379
niah_single_2,['8387112'],4096,"8387112.
</think>

The special magic number for chivalrous-barometer mentioned in the provided text is **8387112**.",vllm,filtering,0.5,2.163,40.379
niah_multikey_3,['23a4e70e-9dbc-45c0-aa7d-c57c6d9c5b50'],4096,": 23a4e4e4e4e4e4e4e4e4e4e4e4e4e4e4.
</think>

The special magic UUID for `a1fd4187-9c3a-4e0b-b5f3-f8aadc6dafff` mentioned in the provided text is:

**23a4e4e4e4e4e4e4e4e4e4e4e4e4e4e4**.",vllm,filtering,0.5,2.163,40.379
niah_multiquery,['9742856' '8590804' '6843509' '2637842'],4096,":

- **Exotic-rape**: 9742856
- **Noxious-pearl**: 8590804
- **Plain-weed**: 6843509
- **Periodic-orchard**: 2637842
</think>

The special magic numbers for the specified categories mentioned in the text are:

- **Exotic-rape**: 9742856  
- **Noxious-pearl**: 8590804  
- **Plain-weed**: 684350",vllm,filtering,0.5,2.163,40.379
niah_single_3,['715629ee-e893-4e3d-b354-ea6f61607459'],4096,": 715629ee-e893-4e3d-b354-ea6f61607459.
</think>

The special magic UUID for recondite-wiring mentioned in the provided text is: **715629ee-e893-4e3d-b354-ea6f61607459**.",vllm,filtering,0.5,2.163,40.379
niah_single_3,['345af934-b42a-4d93-9aba-0f15b2149062'],4096,": 345af934-b42a-4d93-9aba-0f15b2149062.
</think>

The special magic UUID for ""farcant-tale"" mentioned in the provided text is: **345af934-b42a-4d93-9aba-0f15b2149062**.",vllm,filtering,0.5,2.163,40.379
niah_multiquery,['5521644' '2532210' '1348050' '1674975'],4096,":

- Unequaled-atmosphere: 5521644
- Adamant-waveform: 2532210
- Flagrant-woodshed: 1348050
- Smelly-fascia: 1674975
</think>

The special magic numbers for the specified categories mentioned in the text are:

- **Unequaled-atmosphere**: 5521644  
- **Adamant-waveform**: 2532210  
- **Flagrant-woodshed**: 1348",vllm,filtering,0.5,2.163,40.379
niah_single_2,['2147909'],4096,"**2147909**.
</think>

The special magic number for ""swanky-dozen"" mentioned in the provided text is **2147909**.",vllm,filtering,0.5,2.163,40.379
niah_single_3,['67814c1f-cc53-4e36-addc-3e13ab3b4d37'],4096,": 67814c1f-cc53-4e36-addc-3e13ab3b4d37.
</think>

The special magic UUID for inquisitive-library mentioned in the provided text is: **67814c1f-cc53-4e36-addc-3e13ab3b4d37**.",vllm,filtering,0.5,2.163,40.379
niah_multikey_1,['2089275'],4096,"2089275.
</think>

The special magic number for **neyd-deathwatch** mentioned in the provided text is **2089275**.",vllm,filtering,0.5,2.163,40.379
niah_multiquery,['1752920' '4350161' '3446428' '7271672'],4096,":

- **flipped-out-paperwork**: 4350161
- **numbers-jury**: 1752920
- **tacit-fluke**: 3446428
- **various-coverall**: 7271672

These numbers are explicitly mentioned in the text within the context of the respective terms.
</think>

The special magic numbers for the specified terms in the text are as follows:

- **flipped-out-paperwork**: 4350161  
- **numbers-jury**: 17529",vllm,filtering,0.5,2.163,40.379
niah_single_1,['1229419'],4096,"1229419.
</think>

The special magic number for scattered-trench mentioned in the provided text is **1229419**.",vllm,filtering,0.5,2.163,40.379
niah_single_1,['6338112'],4096,"6338112.
</think>

The special magic number for **amused-veto** mentioned in the provided text is:

**6338112**

This number is explicitly stated in the text as:

> **One of the special magic numbers for amused-veto is: 6338112.**

So the answer is: **6338112**.",vllm,filtering,0.5,2.163,40.379
niah_single_3,['bd17c5e8-d5ca-49ab-8a2e-6a93c5580bb2'],4096,": bd17c5e8-d5ca-49ab-8a2e-6a93c5580bb2.
</think>

The special magic UUID for quick-native mentioned in the provided text is: **bd17c5e8-d5ca-49ab-8a2e-6a93c5580bb2**.",vllm,filtering,0.5,2.163,40.379
fwe,['gmebgb' 'qsyeiu' 'reuvhy'],4096,"gmebgb, qsyeiu, and mgikxv.
</think>

gmebgb, qsyeiu, mgikxv",vllm,filtering,0.5,2.163,40.379
niah_multikey_2,['4412989'],4096,"4412989.
</think>

The special magic number for **capable-milkshake** mentioned in the provided text is **4412989**.",vllm,filtering,0.5,2.163,40.379
qa_1,['Palm Springs' 'Palm Springs' 'Palm Springs'],4096,"Palm
</think>

Palm",vllm,filtering,0.5,2.163,40.379
niah_multikey_2,['5444179'],4096,"5444179.
</think>

The special magic number for **happy-bride** mentioned in the provided text is **5444179**.",vllm,filtering,0.5,2.163,40.379
niah_multivalue,['7245146' '2409947' '5342289' '2258076'],4096,":

1. 5342289
2. 2409947
3. 2258076
4. 7245146
</think>

The special magic numbers for mature-commander mentioned in the provided text are:

1. **5342289**  
2. **2409947**  
3. **2258076**  
4. **7245146**  

These numbers are explicitly stated within the text and are associated with the ""mature-commander",vllm,filtering,0.5,2.163,40.379
niah_single_3,['c8a723e9-bfa0-46c2-809c-b50648f1096d'],4096,": c8a723e9-bfa0-46c2-809c-b50648f1096d.
</think>

The special magic UUID for stupid-sherbet mentioned in the provided text is: **c8a723e9-bfa0-46c2-809c-b50648f1096d**.",vllm,filtering,0.5,2.163,40.379
niah_single_2,['7067228'],4096,"7067228.
</think>

The special magic number for tangy-boysenberry mentioned in the provided text is **7067228**.",vllm,filtering,0.5,2.163,40.379
qa_1,"['NP-complete Boolean satisfiability problem'
 'NP-complete Boolean satisfiability'
 'the NP-complete Boolean satisfiability problem']",4096,"the NP-complete Boolean satisfiability problem
</think>

the NP-complete Boolean satisfiability problem",vllm,filtering,0.5,2.163,40.379
qa_1,"['A probabilistic Turing machine' 'probabilistic'
 'probabilistic Turing machine']",4096,"probabilistic Turing machine
</think>

probabilistic Turing machine",vllm,filtering,0.5,2.163,40.379
qa_2,['author'],4096,"Eric Ambler and Cate Snatcher are both known for their work in the field of literature.  (Note: The answer should be based on the given documents.)
</think>

Eric Ambler and Cate Snatcher are both known for their work in the field of literature.",vllm,filtering,0.5,2.163,40.379
fwe,['frxhxt' 'qyhgtv' 'rtvpqv'],4096,"frxhxt, qyhgtv, and kxedzq.
</think>

Answer: frxhxt, qyhgtv, kxedzq",vllm,filtering,0.5,2.163,40.379
niah_single_3,['c9dc72b8-5b6a-4102-8428-7378bf5023f4'],4096,": c9dc72b8-5b6a-4102-8428-7378bf5023f4.
</think>

The special magic uuid for gaping-member mentioned in the provided text is: **c9dc72b8-5b6a-4102-8428-7378bf5023f4**.",vllm,filtering,0.5,2.163,40.379
qa_2,['1943'],4096,"1954
</think>

1954",vllm,filtering,0.5,2.163,40.379
niah_single_2,['5255545'],4096,"5255545.
</think>

The special magic number for lively-inn mentioned in the provided text is **5255545**.",vllm,filtering,0.5,2.163,40.379
niah_multivalue,['7267813' '7636992' '2695038' '6646557'],4096,":

1. 2695038
2. 7636992
3. 6646557
4. 7267813
</think>

The special magic numbers for **bloody-pillow** mentioned in the provided text are:

1. **2695038**  
2. **7636992**  
3. **6646557**  
4. **7267813**  

These numbers are explicitly stated in the text and are associated with the concept of",vllm,filtering,0.5,2.163,40.379
niah_multikey_1,['9692311'],4096,"**9692311**.
</think>

The special magic number for creepy-juice mentioned in the provided text is **9692311**.",vllm,filtering,0.5,2.163,40.379
niah_multiquery,['7352484' '4942645' '8517846' '8702329'],4096,":

- **Scattered-lawn**: 7352484
- **Melodic-linkage**: 4942645
- **Obeisant-blowgun**: 8517846
- **Boundless-icon**: 8702329
</think>

The special magic numbers for the specified categories mentioned in the text are as follows:

- **Scattered-lawn**: **7352484**  
- **Melodic-linkage**: **4942645**  
- **Obeisant-blowgun",vllm,filtering,0.5,2.163,40.379
niah_single_1,['9648751'],4096,"9648751.
</think>

The special magic number for stingy-hostess mentioned in the provided text is **9648751**.",vllm,filtering,0.5,2.163,40.379
qa_2,['Scott Sidney'],4096,"Alain Resnais
</think>

Alain Resnais",vllm,filtering,0.5,2.163,40.379
qa_1,['economically' 'economically' 'economically'],4096,"economically
</think>

economically",vllm,filtering,0.5,2.163,40.379
niah_single_2,['7754864'],4096,"7754864.
</think>

The special magic number for axiomatic-tremor mentioned in the provided text is **7754864**.",vllm,filtering,0.5,2.163,40.379
niah_single_2,['3182975'],4096,"3182975.
</think>

The special magic number for **little-petal** mentioned in the provided text is **3182975**.",vllm,filtering,0.5,2.163,40.379
niah_single_2,['9240971'],4096,"9240971.
</think>

The special magic number for volatile-surge mentioned in the provided text is **9240971**.",vllm,filtering,0.5,2.163,40.379
niah_multikey_3,['87e504ce-1c17-4c69-9535-99c6c379b61d'],4096,": 87e504ce-4c69-a535-99c6c1d9b61d.
</think>

The special magic UUID for `1a9e82f5-0228-4e49-a4c4-47fa1c6386f7` is **87e504ce-4c69-a535-99c6c1d9b61d**.",vllm,filtering,0.5,2.163,40.379
niah_single_3,['8e85140d-0f9a-4b70-8670-7cd64ceda164'],4096,": 8e85140d-0f9a-4b70-8670-7cd64ceda164.
</think>

The special magic UUID for **momentous-crust** mentioned in the provided text is:

**8e85140d-0f9a-4b70-8670-7cd64ceda164**.",vllm,filtering,0.5,2.163,40.379
niah_single_1,['8290770'],4096,"8290770.
</think>

The special magic number for squealing-influx mentioned in the provided text is **8290770**.",vllm,filtering,0.5,2.163,40.379
cwe,"['decline' 'waitress' 'uniformity' 'ask' 'atelier' 'junket' 'church'
 'retention' 'snake' 'agriculture']",4096,"1. uniformity 2. agriculture 3. junket 4. snake 5. retention 6. atelier 7. decline 8. ask 9. waitress 10. church
</think>

To determine the 10 most common words in the given list, we need to count the frequency of each word and identify the top 10 based on that count.

### Step-by-Step Analysis:

1. **List the words**: The list contains 629 words.
2. **Count the frequency of each word**:
   - **uniformity**: 24 times
   -",vllm,filtering,0.5,2.163,40.379
fwe,['dznynv' 'pwvgox' 'skmtng'],4096,"dznynv, pwvgox, and jgaxre.
</think>

Answer: dznynv, pwvgox, jgaxre",vllm,filtering,0.5,2.163,40.379
niah_single_1,['7089806'],4096,"7089806.
</think>

The special magic number for colossal-duck mentioned in the provided text is **7089806**.",vllm,filtering,0.5,2.163,40.379
fwe,['dtpgpe' 'pkwkfe' 'pvyqym'],4096,"dtpgpe, pvyqym, and pkwkfe.
</think>

Answer: dtpgpe, pvyqym, pkwkfe",vllm,filtering,0.5,2.163,40.379
niah_multivalue,['8375356' '7972975' '9124385' '8792046'],4096,":

1. 9124385
2. 7972975
3. 8792046

These are the special magic numbers hidden within the text.",vllm,filtering,0.5,2.163,40.379
qa_2,['defensive coordinator'],4096,"defensive coordinator
</think>

defensive coordinator",vllm,filtering,0.5,2.163,40.379
niah_single_1,['9646569'],4096,"9646569.
</think>

The special magic number for tasty-consul mentioned in the provided text is **9646569**.",vllm,filtering,0.5,2.163,40.379
niah_multikey_3,['d33343eb-08ec-4357-bddb-bed37e4648a5'],4096,": d33343eb-08ec-4357-bddb-bed37e4648a5.
</think>

The special magic UUID for `5fdc70ee-224a-45d1-adb6-bbd8125d0ae5` mentioned in the provided text is:

**d33343eb-08ec-4357-bddb-bed37e4648a5**.",vllm,filtering,0.5,2.163,40.379
cwe,"['grid' 'easy' 'spiffy' 'airfield' 'nifty' 'buze' 'damp' 'lottery' 'barn'
 'bandana']",4096,"1. spiffy 2. barn 3. damp 4. bandana 5. spiffy 6. buze 7. spiffy 8. spiffy 9. spiffy 10. spiffy
</think>

To determine the 10 most common words in the list, we need to count the frequency of each word. Here's the breakdown of the most frequent words:

1. **spiffy** – Appears **24** times  
2. **barn** – Appears **17** times  
3. **damp** – Appears **",vllm,filtering,0.5,2.163,40.379
qa_2,['John John Florence'],4096,"John John
</think>

John John",vllm,filtering,0.5,2.163,40.379
qa_2,['1944'],4096,"1944
</think>

1944",vllm,filtering,0.5,2.163,40.379
niah_multikey_1,['5942041'],4096,"5942041.
</think>

The special magic number for gaping-civilization mentioned in the provided text is **5942041**.",vllm,filtering,0.5,2.163,40.379
niah_multivalue,['5597283' '2565985' '7047102' '5200835'],4096,":

1. 7047102
2. 2565985
3. 5200835
4. 5597283
</think>

The special magic numbers for difficult-locust mentioned in the provided text are:

1. **7047102**  
2. **2565985**  
3. **5200835**  
4. **5597283**  

These numbers are explicitly stated within the text and are referred to as ""special magic numbers",vllm,filtering,0.5,2.163,40.379
qa_2,['2014'],4096,"2007
</think>

2007",vllm,filtering,0.5,2.163,40.379
fwe,['fjnmov' 'olkknp' 'pwkedz'],4096,"fjnmov, olkknp, and ksbzrj.
</think>

fjnmov, olkknp, ksbzrj",vllm,filtering,0.5,2.163,40.379
qa_2,"['Istanbul, Turkey']",4096,"İstanbul
</think>

İstanbul",vllm,filtering,0.5,2.163,40.379
niah_multivalue,['8189168' '5682726' '5433204' '3182154'],4096,":

1. 5433204
2. 5682726
3. 3182154
4. 8189168
</think>

The special magic numbers for ambiguous-cup mentioned in the provided text are:

1. **5433204**  
2. **5682726**  
3. **3182154**  
4. **8189168**  

These numbers are explicitly stated within the text, each appearing in the context of the phrase:",vllm,filtering,0.5,2.163,40.379
niah_multiquery,['8852085' '4234838' '9796605' '3251501'],4096,":

- **Quack-duration**: 8852085
- **Groovy-distance**: 4234838
- **Tested-samovar**: 9796605
- **Prickly-messy**: 3251501
</think>

The special magic numbers mentioned in the text for the specified categories are:

- **Quack-duration**: 8852085  
- **Groovy-distance**: 4234838  
- **Tested-samovar**: 97966",vllm,filtering,0.5,2.163,40.379
cwe,"['wisdom' 'currant' 'cast' 'energy' 'sassy' 'fridge' 'ripe' 'personnel'
 'restroom' 'clever']",4096,"1. cast 2. sassy 3. fridge 4. currant 5. personnel 6. energy 7. wisdom 8. clever 9. restroom 10. ripe
</think>

To determine the 10 most common words in the given list, we need to count the frequency of each word and identify the top 10 based on that count.

### Step-by-Step Process:
1. **List the words**: The list contains 629 words.
2. **Count the frequency** of each word.
3. **Sort the words** by frequency in descending order.
4",vllm,filtering,0.5,2.163,40.379
niah_multikey_1,['4161264'],4096,"4161264.
</think>

The special magic number for lamentable-bombing mentioned in the provided text is **4161264**.",vllm,filtering,0.5,2.163,40.379
niah_single_1,['2147909'],4096,"2147909.
</think>

The special magic number for swanky-dozen mentioned in the provided text is **2147909**.",vllm,filtering,0.5,2.163,40.379
fwe,['evdlxb' 'okwipf' 'piwkmk'],4096,"evdlxb, okwipf, and piwkmk.
</think>

Answer: evdlxb, okwipf, piwkmk",vllm,filtering,0.5,2.163,40.379
niah_multikey_3,['444dc21c-ffe6-4a54-a5aa-aa628295a3f9'],4096,": 444dcf4a-ffe-4a54-a5aa-aa6288528e0c.
</think>

The special magic UUID for `e20b0960-2404-4095-ac28-d528785c6e2e` mentioned in the provided text is:

**444dcf4a-ffe-4a54-a5aa-aa6288528e0c**

(Note: The UUID appears to have a formatting issue with the hyphen in the",vllm,filtering,0.5,2.163,40.379
niah_single_2,['3846949'],8192,"3846949.
</think>

The special magic number for zonked-sanity mentioned in the provided text is **3846949**.",vllm,filtering,0.5,2.163,40.379
niah_multiquery,['9742856' '8590804' '6843509' '2637842'],8192,":

- Exotic-rape: 9742856
- Noxious-pearl: 8590804
- Plain-weed: 6843509
- Periodic-orchard: 2637842
</think>

The special magic numbers for the specified categories mentioned in the text are:

- **Exotic-rape**: 9742856  
- **Noxious-pearl**: 8590804  
- **Plain-weed**: 6843509  
- **",vllm,filtering,0.5,2.163,40.379
qa_1,['Inland Empire' 'Temecula and Murrieta'],8192,21: 21: 21: 21: 21: 21: 21: 21: 21: 21: 21: 21: 21: 21: 21: 21: 21: 21: 21: 21: 21: 21: 21: 21: 21: 21: 21: 21: 21: 21: 21: 21:,vllm,filtering,0.5,2.163,40.379
niah_single_2,['2516313'],8192,"2516313.

The special number is 2516313.

The special number is 2516313.

The special number is 2516313.

The special number is 2516313.

The special number is 2516313.

The special number is 2516313.

The special number is 2516313.

The special number is 2516313.

The special number is 2516313.

The special",vllm,filtering,0.5,2.163,40.379
niah_multikey_3,['f9285706-577c-4717-836a-58870a5a2698'],8192,": 8fde042a-1ee5-4930-ba08-5f6a9e189a98.
</think>

The special magic UUID for `17cb67b8-6d0f-44e6-a174-a7856f2190cb` mentioned in the provided text is:

**8fde042a-1ee5-4930-ba08-5f6a9e189a98**.",vllm,filtering,0.5,2.163,40.379
niah_multiquery,['3290672' '1899447' '1160783' '6277776'],8192,"as follows:

- **Pleasant-awe**: 3290672
- **Odd-library**: 1899447
- **Lacking-spark**: 1160783
- **Elders-drill**: 6277776

These numbers are mentioned in the text as special magic numbers for each of the specified categories.
</think>

The special magic numbers mentioned in the text for the specified categories are:

- **Pleasant-awe**: 3290672  
- **Odd-library**: 1899",vllm,filtering,0.5,2.163,40.379
niah_single_3,['26242b40-a5cb-43a2-b98d-1ca68b6870b5'],8192,a special magic uuid is a special magic uuid is a special magic uuid is a special magic uuid is a special magic uuid is a special magic uuid is a special magic uuid is a special magic uuid is a special magic uuid is a special magic uuid is a special magic uuid is a special magic uuid is a special magic uuid is a special magic uuid is a special magic uuid is a special magic uuid is a special magic uuid is a special magic uuid is a special magic uuid is a special magic uuid is a special magic uuid is a special magic uuid is a special magic uuid is a special magic uuid is a special magic uuid is a special magic,vllm,filtering,0.5,2.163,40.379
niah_single_3,['af521b94-f186-447a-a794-63208cf6e8b8'],8192,": af521b94-f186-447a-a794-63208cf6e8b8.
</think>

The special magic uuid for puffy-crash mentioned in the provided text is: **af521b94-f186-447a-a794-63208cf6e8b8**.",vllm,filtering,0.5,2.163,40.379
niah_multiquery,['9125900' '9214801' '8491822' '6008935'],8192,"as follows:

- **Rough-scene**: 9125900
- **Sour-mechanic**: 9214801
- **Defective-presentation**: 8491822
- **Half-part**: 6008935

These numbers are mentioned in the context of the text provided, and they are special magic numbers hidden within the text.
</think>

The special magic numbers mentioned in the text for the specified categories are:

- **Rough-scene**: 9125900  
- **Sour-mechanic",vllm,filtering,0.5,2.163,40.379
niah_single_2,['3937176'],8192,"3937176. It is mentioned in the text as a note at the end of the July 2010 section, and it's the number that is mentioned as a note in the text. The number is 3937176. It is mentioned in the text as a note at the end of the July 2010 section, and it's the number that is mentioned as a note in the text. The number is 3937176. It is mentioned in the text as a note at the end of the July 2010 section",vllm,filtering,0.5,2.163,40.379
niah_single_3,['9f0fda8d-0537-4ff6-96d7-b3b833094d35'],8192,": 9f0fda8d-0537-4ff6-96d7-b3b833094d35.
</think>

The special magic uuid for functional-pot mentioned in the provided text is: **9f0fda8d-0537-4ff6-96d7-b3b833094d35**.",vllm,filtering,0.5,2.163,40.379
niah_multikey_1,['8727886'],8192,"8727886.
</think>

The special magic number for **determined-bin** mentioned in the provided text is **8727886**.",vllm,filtering,0.5,2.163,40.379
niah_multiquery,['4815608' '7412371' '3302852' '5032585'],8192,"as follows:

For rebellious-printing: 4815608
For bumpy-lymphocyte: 7412371
For trashy-bee: 3302852
For mundane-telescreen: 5032585

These numbers are embedded within the text as special magic numbers, and they are mentioned in the provided text as follows:

For rebellious-printing: 4815608
For bumpy-lymphocyte: 7412371
For trashy-bee: 3",vllm,filtering,0.5,2.163,40.379
niah_single_1,['4769851'],8192,"4769851. The number is given as: 4769851. The text mentions that ""One of the special magic numbers for capricious-creme brulee is: 4769851."" So the magic number is 4769851. The text repeats the same lines multiple times, but the magic number is explicitly stated once. The number is 4769851. The text is a series of repeated lines, but the magic number is given once. The magic number is 476985",vllm,filtering,0.5,2.163,40.379
niah_single_1,['3551903'],8192,"3551903.
</think>

The special magic number for lying-deviation mentioned in the provided text is **3551903**.",vllm,filtering,0.5,2.163,40.379
niah_single_3,['87079ad4-80be-4e35-a1c2-645ac7332304'],8192,": 87079ad4-80be-4e35-a1c2-645ac7332304.
</think>

The special magic UUID for habitual-espadrille mentioned in the provided text is:

**87079ad4-80be-4e35-a1c2-645ac7332304**.",vllm,filtering,0.5,2.163,40.379
fwe,['qplshr' 'qqhjdc' 'gmtwsb'],8192,"qplshr, qqhjdc, and gmtwsb.
</think>

qplshr, qqhjdc, gmtwsb",vllm,filtering,0.5,2.163,40.379
niah_multikey_2,['9086649'],8192,"9086649.
</think>

The special magic number for **zonked-tepee** mentioned in the provided text is **9086649**.",vllm,filtering,0.5,2.163,40.379
qa_1,['Palm Springs' 'Palm Springs' 'Palm Springs'],8192,"Palm
</think>

Palm",vllm,filtering,0.5,2.163,40.379
niah_multikey_2,['6838180'],8192,"6838180.
</think>

The special magic number for **synonymous-scarf** mentioned in the provided text is **6838180**.",vllm,filtering,0.5,2.163,40.379
niah_multivalue,['1437264' '6349877' '4674549' '1491630'],8192,":

1. 4674549
2. 6349877
3. 1491630
4. 1437264
</think>

The special magic numbers for **earsplitting-dragonfruit** mentioned in the provided text are:

1. **4674549**  
2. **6349877**  
3. **1491630**  
4. **1437264**  

These numbers are explicitly stated within the text and are associated with the",vllm,filtering,0.5,2.163,40.379
niah_single_3,['38d77b9a-e916-4a57-b248-23ab177a8a5f'],8192,": 38d77b9a-e916-4a57-b248-23ab177a8a5f.
</think>

The special magic uuid for nosy-sensitivity mentioned in the provided text is: **38d77b9a-e916-4a57-b248-23ab177a8a5f**.",vllm,filtering,0.5,2.163,40.379
niah_single_2,['5528972'],8192,"5528972.
</think>

The special magic number for lovely-basil mentioned in the provided text is **5528972**.",vllm,filtering,0.5,2.163,40.379
qa_1,"['NP-complete Boolean satisfiability problem'
 'NP-complete Boolean satisfiability'
 'the NP-complete Boolean satisfiability problem']",8192,"</think>

Answer: The integer factorization problem.",vllm,filtering,0.5,2.163,40.379
qa_1,"['A probabilistic Turing machine' 'probabilistic'
 'probabilistic Turing machine']",8192,"probabilistic Turing machine
</think>

probabilistic Turing machine",vllm,filtering,0.5,2.163,40.379
qa_2,['author'],8192,"</think>

Answer:  
Answer:  
Answer:  
Answer:  
Answer:  
Answer:  
Answer:  
Answer:  
Answer:  
Answer:  
Answer:  
Answer:  
Answer:  
Answer:  
Answer:  
Answer:  
Answer:  
Answer:  
Answer:  
Answer:  
Answer:  
Answer:  
Answer:  
Answer:  
Answer:  
Answer:  
Answer:  
Answer:  
Answer:  
Answer:  
Answer:  
Answer:  
Answer:  
Answer:  
Answer:  
Answer:  
Answer:  
Answer:  
Answer:  
Answer:  
Answer:  
Answer:",vllm,filtering,0.5,2.163,40.379
fwe,['rbvoik' 'rfdzkt' 'hakvdl'],8192,"rbvoik, hakvdl, and rfdzkt.
</think>

Answer: rbvoik, hakvdl, rfdzkt",vllm,filtering,0.5,2.163,40.379
niah_single_3,['493e904d-30ec-4796-a59b-457fc0d7ac73'],8192,": 493e904d-30ec-4796-a59b-457fc0d7ac73.
</think>

The special magic uuid for alike-dishwasher mentioned in the provided text is: **493e904d-30ec-4796-a59b-457fc0d7ac73**.",vllm,filtering,0.5,2.163,40.379
qa_2,['1943'],8192,"1954
</think>

1954",vllm,filtering,0.5,2.163,40.379
niah_single_2,['6202210'],8192,"not explicitly mentioned. The text discusses a number, but it is not explicitly stated. The text mentions a number, but it is not explicitly stated. The text discusses a number, but it is not explicitly stated. The text mentions a number, but it is not explicitly stated. The text discusses a number, but it is not explicitly stated. The text mentions a number, but it is not explicitly stated. The text discusses a number, but it is not explicitly stated. The text mentions a number, but it is not explicitly stated. The text discusses a number, but it is not explicitly stated. The text mentions a number, but",vllm,filtering,0.5,2.163,40.379
niah_multivalue,['7297287' '2701688' '9044494' '4784650'],8192,":

1. 9044494
2. 2701688
3. 4784650
4. 7297287
</think>

The special magic numbers for kaput-collagen mentioned in the provided text are:

1. **9044494**  
2. **2701688**  
3. **4784650**  
4. **7297287**  

These numbers are explicitly stated within the text and are associated with the concept of """,vllm,filtering,0.5,2.163,40.379
niah_multikey_1,['3673322'],8192,"3673322.
</think>

The special magic number for **elite-placode** mentioned in the provided text is **3673322**.",vllm,filtering,0.5,2.163,40.379
niah_multiquery,['8597490' '6752216' '9594877' '3318275'],8192,"as follows:

- **heavy-penalty**: 8597490
- **many-spear**: 6752216
- **moldy-credential**: 9594877
- **daffy-sun**: 3318275

These numbers are mentioned in the context of the text, and they are special magic numbers that are referenced in the text.
</think>

The special magic numbers for **heavy-penalty**, **many-spear**, **moldy-credential**, and **daffy-sun** mentioned in the",vllm,filtering,0.5,2.163,40.379
niah_single_1,['1652868'],8192,"1652868.
</think>

The special magic number for animated-abuse mentioned in the provided text is **1652868**.",vllm,filtering,0.5,2.163,40.379
qa_2,['Scott Sidney'],8192,"Alain Resnais
</think>

Answer: Alain Resnais",vllm,filtering,0.5,2.163,40.379
qa_1,['economically' 'economically' 'economically'],8192,"economically
</think>

economically",vllm,filtering,0.5,2.163,40.379
niah_single_2,['3762152'],8192,"3762152.
</think>

The special magic number for aware-judo mentioned in the provided text is **3762152**.",vllm,filtering,0.5,2.163,40.379
niah_single_2,['4794319'],8192,"4794319.
</think>

The special magic number for sloppy-possible mentioned in the provided text is **4794319**.",vllm,filtering,0.5,2.163,40.379
niah_single_2,['7189302'],8192,"7189302.
</think>

The special magic number for large-cantaloupe mentioned in the provided text is **7189302**.",vllm,filtering,0.5,2.163,40.379
niah_multikey_3,['1934850a-e8ff-4869-b759-5b46d1264de7'],8192,": 35422629-eb26-4eb7-9d4e-889b7f9aec6a.
</think>

The special magic UUID for `c43cd8ec-5a87-427a-a7d4-b7d4a7d4a7d4` mentioned in the provided text is: **35422629-eb26-4eb7-9d4e-889b7f9aec6a**.",vllm,filtering,0.5,2.163,40.379
niah_single_3,['d453f867-b97e-4224-891f-691217abb863'],8192,": d453f867-b97e-4224-891f-691217abb863.
</think>

The special magic UUID for **likeable-query** mentioned in the provided text is:

**d453f867-b97e-4224-891f-691217abb863**.",vllm,filtering,0.5,2.163,40.379
niah_single_1,['4188992'],8192,"4188992.
</think>

The special magic number for smelly-root mentioned in the provided text is **4188992**.",vllm,filtering,0.5,2.163,40.379
cwe,"['outstanding' 'vigorous' 'phrase' 'doctrine' 'snowman' 'singing'
 'gelatin' 'unique' 'asparagus' 'gown']",8192,"1. asparagus 2. vigorous 3. phrase 4. doctrine 5. gelatin 6. snowman 7. unique 8. gown 9. singer 10. gelatin
</think>

To determine the 10 most common words in the provided list, we need to count the frequency of each word and identify the ones that appear most often. Here's the process:

1. **List all words**: The list contains 1,470 words.
2. **Count the frequency of each word**: We count how many times each word appears.
3. **Identify the top",vllm,filtering,0.5,2.163,40.379
fwe,['qiuwqq' 'qjiqmp' 'gpkrgi'],8192,"qiuwqq, qjiqmp, and xuoeem.
</think>

qiuwqq, qjiqmp, xuoeem",vllm,filtering,0.5,2.163,40.379
niah_single_1,['9852897'],8192,"9852897.
</think>

The special magic number for good-pharmacopoeia mentioned in the provided text is **9852897**.",vllm,filtering,0.5,2.163,40.379
fwe,['pxvsgw' 'pysupz' 'fmmvgz'],8192,"pxvsgw, pysupz, and fmmvgz.
</think>

pxvsgw, pysupz, fmmvgz",vllm,filtering,0.5,2.163,40.379
niah_multivalue,['1137194' '2803501' '8229768' '3247055'],8192,":

1. 8229768
2. 2803501
3. 3247055
4. 1137194
</think>

The special magic numbers for roomy-hound mentioned in the provided text are:

1. **8229768**  
2. **2803501**  
3. **3247055**  
4. **1137194**",vllm,filtering,0.5,2.163,40.379
qa_2,['defensive coordinator'],8192,"</think>

Answer:	
Answer:	
Answer:	
Answer:	
Answer:	
Answer:	
Answer:	
Answer:	
Answer:	
Answer:	
Answer:	
Answer:	
Answer:	
Answer:	
Answer:	
Answer:	
Answer:	
Answer:	
Answer:	
Answer:	
Answer:	
Answer:	
Answer:	
Answer:	
Answer:	
Answer:	
Answer:	
Answer:	
Answer:	
Answer:	
Answer:	
Answer:	
Answer:	
Answer:	
Answer:	
Answer:	
Answer:	
Answer:	
Answer:	
Answer:	
Answer:	
Answer:",vllm,filtering,0.5,2.163,40.379
niah_single_1,['8669093'],8192,"8669093.
</think>

The special magic number for tense-statute mentioned in the provided text is **8669093**.",vllm,filtering,0.5,2.163,40.379
niah_multikey_3,['4f24d4a7-21ac-4998-91e7-7117c5162140'],8192,": 7e496d2a-5a42-4097-bf50-028b9546e7f3.
</think>

The special magic uuid for `5d7cae33-0b00-4090-acb7-8ef3fe628562` mentioned in the provided text is:

**7e496d2a-5a42-4097-bf50-028b9546e7f3**.",vllm,filtering,0.5,2.163,40.379
cwe,"['specification' 'newspaper' 'oldie' 'gamy' 'radio' 'rainbow' 'reserve'
 'swivel' 'hunger' 'pit']",8192,"1. swivel 2. gamy 3. newspaper 4. hunger 5. radio 6. oldie 7. specification 8. reserve 9. pit 10. gamy
</think>

To determine the 10 most common words in the provided list, we need to count the frequency of each word and identify the ones that appear most often. Here's the analysis:

### Step-by-Step Process:
1. **List all words**: The list contains 1,470 words.
2. **Count the frequency of each word**: We will count how many times each word appears",vllm,filtering,0.5,2.163,40.379
qa_2,['John John Florence'],8192,"Abraham
</think>

Abraham",vllm,filtering,0.5,2.163,40.379
qa_2,['1944'],8192,"Rock Springs is a collection of short stories by an author born in what year? 1955
</think>

1955",vllm,filtering,0.5,2.163,40.379
niah_multikey_1,['4407796'],8192,"4407796.
</think>

The special magic number for harsh-hospital mentioned in the provided text is **4407796**.",vllm,filtering,0.5,2.163,40.379
niah_multivalue,['7442986' '6897789' '8203947' '6276495'],8192,":

1. 8203947
2. 6897789
3. 6276495
4. 7442986
</think>

The special magic numbers for spicy-skating mentioned in the provided text are:

1. **8203947**  
2. **6897789**  
3. **6276495**  
4. **7442986**  

These numbers are explicitly stated in the text and are associated with the concept of ""spicy",vllm,filtering,0.5,2.163,40.379
qa_2,['2014'],8192,"2008
</think>

2008",vllm,filtering,0.5,2.163,40.379
fwe,['pooula' 'prbezn' 'gjksel'],8192,"pooula, gjksel, and wgibdh.
</think>

pooula, gjksel, wgibdh",vllm,filtering,0.5,2.163,40.379
qa_2,"['Istanbul, Turkey']",8192,"İstanbul
</think>

Answer: İstanbul",vllm,filtering,0.5,2.163,40.379
niah_multivalue,['9535166' '8475204' '9167227' '1735708'],8192,":

1. 9167227
2. 8475204
3. 1735708
4. 9535166
</think>

The special magic numbers for rainy-sauce mentioned in the provided text are:

1. **9167227**  
2. **8475204**  
3. **1735708**  
4. **9535166**  

These numbers are explicitly stated within the text and are referred to as ""special magic numbers for",vllm,filtering,0.5,2.163,40.379
niah_multiquery,['3213658' '1968662' '8757420' '7969667'],8192,":

- old-linseed: 3213658
- optimal-poncho: 1968662
- shaggy-sailboat: 8757420
- ragged-infancy: 7969667
</think>

The special magic numbers for the specified terms mentioned in the text are:

- **old-linseed**: 3213658  
- **optimal-poncho**: 1968662  
- **shaggy-sailboat**: 875742",vllm,filtering,0.5,2.163,40.379
cwe,"['orangutan' 'gastropod' 'lute' 'arthur' 'curd' 'colonial' 'actress'
 'catacomb' 'mast' 'absurd']",8192,"1. lute 2. mast 3. arthur 4. curd 5. gastropod 6. catacomb 7. absurd 8. actress 9. colonial 10. orchid
</think>

To determine the 10 most common words in the given list, we need to count the frequency of each word and identify the ones that appear most often.

### Step-by-Step Process:

1. **List the Words**: The list contains 1,470 words.
2. **Count the Frequencies**: We count how many times each word appears in the list.
3",vllm,filtering,0.5,2.163,40.379
niah_multikey_1,['2699372'],8192,"2699372.
</think>

The special magic number for **worried-hut** mentioned in the provided text is **2699372**.",vllm,filtering,0.5,2.163,40.379
niah_single_1,['2516313'],8192,"**2516313**.
</think>

The special magic number for finicky-corruption mentioned in the provided text is **2516313**.",vllm,filtering,0.5,2.163,40.379
fwe,['rlowep' 'rykimj' 'hovqiq'],8192,"rlowep, rykimj, and vygucb.
</think>

Answer: rlowep, rykimj, vygucb",vllm,filtering,0.5,2.163,40.379
niah_multikey_3,['3945cac7-3f99-45a7-8af4-b5da33cd1fed'],8192,": 3945cac7-3f99-45a7-8af4-b5da33cd1fed.
</think>

The special magic UUID for `8084f1d1-fe82-4a8d-866b-c7a55d302449` mentioned in the provided text is:

**3945cac7-3f99-45a7-8af4-b5da33cd1fed**.",vllm,filtering,0.5,2.163,40.379
niah_single_2,['6188935'],4096,"6188935.
</think>

The special magic number for questionable-tangerine mentioned in the text is **6188935**.",vllm,filtering,0.75,2.083,40.379
niah_multiquery,['7373495' '6573679' '1113537' '8385715'],4096,":

- **Special magic number for pigeon (pigeon)**: 7373495
- **Special magic number for mammouth-caution**: 7373495
- **Special magic number for homeless-octagon**: 1113537
- **Special magic number for homeless-octzy**: 1113537
- **Special magic number for impossible-frenzy**: 8385715

Wait, the user is asking for the special magic numbers for pigeon, mammouth-caution, homeless-octagon, and",vllm,filtering,0.75,2.083,40.379
qa_1,['Inland Empire' 'Temecula and Murrieta'],4096,"the answer is
</think>

the answer is the answer is the answer is the answer is the answer is the answer is the answer is the answer is the answer is the answer is the answer is the answer is the answer is the answer is the answer is the answer is the answer is the answer is the answer is the answer is the answer is the answer is the answer is the answer is the answer is the answer is the answer is the answer is the answer is the answer is the answer is the answer is the answer is the answer is the answer is the answer is the answer is the answer is the answer is the answer is the answer",vllm,filtering,0.75,2.083,40.379
niah_single_2,['8387112'],4096,"8387112.
</think>

The special magic number for the chivalrous-bometer mentioned in the provided text is **8387112**.",vllm,filtering,0.75,2.083,40.379
niah_multikey_3,['23a4e70e-9dbc-45c0-aa7d-c57c6d9c5b50'],4096,: 23a4e670-4b33-4e0b-b5f3-8e0b-b5f3-8e0b-b5f3-8e0b-b5f3-8e0b-b5f3-8e0b-b5f3-8e0b-b5f3-8e0b-b5f3-8e0b-b5f3-8e0b-b5f3-8e0b-b5f3-8e0b-b5f3-8e0b,vllm,filtering,0.75,2.083,40.379
niah_multiquery,['9742856' '8590804' '6843509' '2637842'],4096,"as follows:

- **noxious-pearl**: 6843509
- **periodic-orchard**: 2637842
- **periodic-orchard**: 2637842 (repeated)
- **special magic numbers for noxious-pearl**: 6843509
- **special magic numbers for periodic-orchard**: 2637842
- **special magic numbers for noxious-pearl**: 6843509
- **special magic numbers for periodic-orchard",vllm,filtering,0.75,2.083,40.379
niah_single_3,['715629ee-e893-4e3d-b354-ea6f61607459'],4096,": 715629ee-e893-4e3d-b354-ea6f61607459.
</think>

The special magic UUID for recondite-wiring mentioned in the text is:  
**715629ee-e893-4e3d-b354-ea6f61607459**.",vllm,filtering,0.75,2.083,40.379
niah_single_3,['345af934-b42a-4d93-9aba-0f15b2149062'],4096,"345af934-b42a-4d93-9aba-0f15b2149062.
</think>

The special magic UUID for ""frantic-tale"" mentioned in the provided text is **345af934-b42a-4d93-9aba-0f15b2149062**.",vllm,filtering,0.75,2.083,40.379
niah_multiquery,['5521644' '2532210' '1348050' '1674975'],4096,":

- **unequaled-atmosphere**: 5521644
- **adam-waveform**: 2532210
- **flagrant-woodshed**: 1348050
- **smelly-fascia**: 1674975
</think>

The special magic numbers for the specified terms are as follows:

- **unequaled-atmosphere**: 5521644  
- **adam-waveform**: 2532210  
- **flagrant-woodshed**: 1348",vllm,filtering,0.75,2.083,40.379
niah_single_2,['2147909'],4096,"**2147909**.
</think>

The special magic number mentioned in the text is **2147909**.",vllm,filtering,0.75,2.083,40.379
niah_single_3,['67814c1f-cc53-4e36-addc-3e13ab3b4d37'],4096,": 67814c1f-cc53-4e36-Addc-3e13ab3b4d37.
</think>

The special magic UUID for inquisitive-library mentioned in the text is:  
**67814c1f-cc53-4e36-addc-3e13ab3b4d37**.",vllm,filtering,0.75,2.083,40.379
niah_multikey_1,['2089275'],4096,"2789275.
</think>

The special magic number for **""2789275""** is mentioned in the text.",vllm,filtering,0.75,2.083,40.379
niah_multiquery,['1752920' '4350161' '3446428' '7271672'],4096,":

- **4350161** (for **filtered-out-paperwork**)
- **1752920** (for **filtered-out-paperwork**)
- **3446428** (for **tacit-fluke**)
- **7271672** (for **coverall**)

Note: The text refers to the numbers as ""special magic numbers"" for the following categories:

- **4350161** (for **filtered-out-paperwork**)
- **1752920** (for **filtered",vllm,filtering,0.75,2.083,40.379
niah_single_1,['1229419'],4096,"1229419.
</think>

The special magic number for scattered-trench mentioned in the provided text is **1229419**.",vllm,filtering,0.75,2.083,40.379
niah_single_1,['6338112'],4096,"**6338112**.
</think>

The special magic number for amused-veto mentioned in the provided text is **6338112**.",vllm,filtering,0.75,2.083,40.379
niah_single_3,['bd17c5e8-d5ca-49ab-8a2e-6a93c5580bb2'],4096,": 

**bd17c5e8-d5ca-49ab-8a2e-6a93c5580bb2**
</think>

The special magic UUID for the text is: **bd17c5e8-d5ca-49ab-8a2e-6a93c5580bb2**.",vllm,filtering,0.75,2.083,40.379
fwe,['gmebgb' 'qsyeiu' 'reuvhy'],4096,"gmebgb, mgikxv, and reuvhy. The frequency of each word is as follows: gmebgb appears 10 times, mgikxv appears 9 times, and reuvhy appears 8 times.

</think>

gmebgb, mgikxv, reuvhy",vllm,filtering,0.75,2.083,40.379
niah_multikey_2,['4412989'],4096,"228742.
</think>

The special magic number for ""capacity-mock"" mentioned in the provided text is **228742**.",vllm,filtering,0.75,2.083,40.379
qa_1,['Palm Springs' 'Palm Springs' 'Palm Springs'],4096,"Palm
</think>

Palm",vllm,filtering,0.75,2.083,40.379
niah_multikey_2,['5444179'],4096,"5444179.
</think>

The special magic number for **happy-bride** mentioned in the provided text is **5444179**.",vllm,filtering,0.75,2.083,40.379
niah_multivalue,['7245146' '2409947' '5342289' '2258076'],4096,":

1. 5342289
2. 2409947
3. 2258076
</think>

The special magic numbers for ""mature-commander"" mentioned in the provided text are:

1. **5342289**  
2. **2409947**  
3. **2258076**  

These numbers are explicitly stated in the text and are referred to as ""special magic numbers for mature-commander.""",vllm,filtering,0.75,2.083,40.379
niah_single_3,['c8a723e9-bfa0-46c2-809c-b50648f1096d'],4096,": 

c8a723e9-bfa0-46c2-809c-b50648f1096d
</think>

The special magic UUID for **special-sherbet** mentioned in the text is:

**c8a723e9-bfa0-46c2-809c-b50648f1096d**",vllm,filtering,0.75,2.083,40.379
niah_single_2,['7067228'],4096,"7067228.
</think>

The special magic number mentioned in the text is **7067228**.",vllm,filtering,0.75,2.083,40.379
qa_1,"['NP-complete Boolean satisfiability problem'
 'NP-complete Boolean satisfiability'
 'the NP-complete Boolean satisfiability problem']",4096,the Answer is the Answer is the Answer is the Answer is the Answer is the Answer is the Answer is the Answer is the Answer is the Answer is the Answer is the Answer is the Answer is the Answer is the Answer is the Answer is the Answer is the Answer is the Answer is the Answer is the Answer is the Answer is the Answer is the Answer is the Answer is the Answer is the Answer is the Answer is the Answer is the Answer is the Answer is the Answer is the Answer is the Answer is the Answer is the Answer is the Answer is the Answer is the Answer is the Answer is the Answer is the Answer is the Answer,vllm,filtering,0.75,2.083,40.379
qa_1,"['A probabilistic Turing machine' 'probabilistic'
 'probabilistic Turing machine']",4096,"probabilistic Turing machine
</think>

probabilistic Turing machine",vllm,filtering,0.75,2.083,40.379
qa_2,['author'],4096,Eric Ambler and the given documents do not provide information about Eric Ambler's profession. Eric Ambler and the given documents do not provide information about Eric Ambler's profession. Eric Ambler and the given documents do not provide information about Eric Ambler's profession. Eric Ambler and the given documents do not provide information about Eric Ambler's profession. Eric Ambler and the given documents do not provide information about Eric Ambler's profession. Eric Ambler and the given documents do not provide information about Eric Ambler's profession. Eric Ambler and the given documents do not provide information about Eric Ambler's profession. Eric Amb,vllm,filtering,0.75,2.083,40.379
fwe,['frxhxt' 'qyhgtv' 'rtvpqv'],4096,"frxhxt, kxedzq, and fervta.
</think>

Answer: frxhxt, kxedzq, fervta",vllm,filtering,0.75,2.083,40.379
niah_single_3,['c9dc72b8-5b6a-4102-8428-7378bf5023f4'],4096,": c9dc72b8-5b6a-4102-8428-7378bf5023f4.
</think>

The special magic UUID for "" gaping-member"" mentioned in the provided text is: **c9dc72b8-5b6a-4102-8428-7378bf5023f4**.",vllm,filtering,0.75,2.083,40.379
qa_2,['1943'],4096,"1949
</think>

1949",vllm,filtering,0.75,2.083,40.379
niah_single_2,['5255545'],4096,"5255545.
</think>

The special magic number for lively-inn mentioned in the provided text is **5255545**.",vllm,filtering,0.75,2.083,40.379
niah_multivalue,['7267813' '7636992' '2695038' '6646557'],4096,":

1. 2695038
2. 7636992
3. 7267813
</think>

The special magic numbers for **b** mentioned in the provided text are:

1. **2695038**  
2. **7636992**  
3. **7267813**  

These numbers are explicitly referenced in the text and are considered ""special magic numbers for bloody-pillow.""",vllm,filtering,0.75,2.083,40.379
niah_multikey_1,['9692311'],4096,"**1929673**.
</think>

The special magic number for creepy-juice mentioned in the provided text is **1929673**.",vllm,filtering,0.75,2.083,40.379
niah_multiquery,['7352484' '4942645' '8517846' '8702329'],4096,"as follows:

- **Melodic-linkage**: 4942645
- **Obeisant-blowgun**: 8517846
- **Special magic number for scattered-lawn**: 7352484
- **Special magic number for boundless-icon**: 8702329

These numbers are special magic numbers that are mentioned in the text and are associated with the respective terms. The text contains several mentions of these numbers, and they are associated with the respective terms. The text contains several mentions of these numbers, and they are associated with",vllm,filtering,0.75,2.083,40.379
niah_single_1,['9648751'],4096,"9648751.
</think>

The special magic number for stingy-hostess mentioned in the provided text is **9648751**.",vllm,filtering,0.75,2.083,40.379
qa_2,['Scott Sidney'],4096,"Alain Resnais
</think>

Answer: Alain Resnais",vllm,filtering,0.75,2.083,40.379
qa_1,['economically' 'economically' 'economically'],4096,"economically
</think>

Answer: economically",vllm,filtering,0.75,2.083,40.379
niah_single_2,['7754864'],4096,"7754864.
</think>

The special magic number for **xiomatic-**tearmor mentioned in the text is **7754864**.",vllm,filtering,0.75,2.083,40.379
niah_single_2,['3182975'],4096,"3182975.
</think>

The special magic number for ""little-petal"" mentioned in the provided text is **3182975**.",vllm,filtering,0.75,2.083,40.379
niah_single_2,['9240971'],4096,"9240971.
</think>

The special magic number for volatile-surge mentioned in the provided text is **9240971**.",vllm,filtering,0.75,2.083,40.379
niah_multikey_3,['87e504ce-1c17-4c69-9535-99c6c379b61d'],4096,the the the the the the the the the the the the the the the the the the the the the the the the the the the the the the the the the the the the the the the the the the the the the the the the the the the the the the the the the the the the the the the the the the the the the the the the the the the the the the the the the the the the the the the the the the the the the the the the the the the the the the the the the the the the the the the the the the the the the the the the the the the the the the the the,vllm,filtering,0.75,2.083,40.379
niah_single_3,['8e85140d-0f9a-4b70-8670-7cd64ceda164'],4096,": 8e85140d-0f9a-4b70-8670-7cd64ceda164.
</think>

The special magic UUID for **momentous-crust** mentioned in the text is:  
**8e85140d-0f9a-4b70-8670-7cd64ceda164**.",vllm,filtering,0.75,2.083,40.379
niah_single_1,['8290770'],4096,"8290770.
</think>

The special magic number for squealing-influx mentioned in the provided text is **8290770**.",vllm,filtering,0.75,2.083,40.379
cwe,"['decline' 'waitress' 'uniformity' 'ask' 'atelier' 'junket' 'church'
 'retention' 'snake' 'agriculture']",4096,"1. atelier 2. snake 3. retention 4. junket 5. uniformity 6. agriculture 7. calculation 8. distribution 9. ask 10. nothing
</think>

To determine the 10 most common words in the given list, we need to count the frequency of each word and identify the top 10.

### Step-by-step Analysis:

1. **List the words**: The list contains 100 words, and we need to count the frequency of each word.
2. **Count the occurrences**: We will count how many times each word appears in the",vllm,filtering,0.75,2.083,40.379
fwe,['dznynv' 'pwvgox' 'skmtng'],4096,"dznynv, jgaxre, and cwvpjw.
</think>

Answer: dznynv, jgaxre, cwvpjw",vllm,filtering,0.75,2.083,40.379
niah_single_1,['7089806'],4096,"7089806.
</think>

The special magic number for colossal-duck mentioned in the provided text is **7089806**.",vllm,filtering,0.75,2.083,40.379
fwe,['dtpgpe' 'pkwkfe' 'pvyqym'],4096,"dtpgpe, ibnftf, and dlhzsp.
</think>

Answer: dtpgpe, ibnftf, dlhzsp",vllm,filtering,0.75,2.083,40.379
niah_multivalue,['8375356' '7972975' '9124385' '8792046'],4096,":

1. 9124385
2. 7972975
3. 8375356
4. 8972975
5. 8375356
</think>

The special magic numbers for ""different-harbor"" mentioned in the provided text are:

1. **9124385**  
2. **7972975**  
3. **8375356**  
4. **8972975**  
5. **8",vllm,filtering,0.75,2.083,40.379
qa_2,['defensive coordinator'],4096,"defensive coordinator
</think>

Answer: defensive coordinator",vllm,filtering,0.75,2.083,40.379
niah_single_1,['9646569'],4096,"9646569.
</think>

The special magic number for **tasty-consul** mentioned in the provided text is:

**9646569**.",vllm,filtering,0.75,2.083,40.379
niah_multikey_3,['d33343eb-08ec-4357-bddb-bed37e4648a5'],4096,: d3334357-4357-bddb-bed37e4357-bddb-bed37e4357-bddb-bed37e4357-bddb-bed37e4357-bddb-bed37e4357-bddb-bed37e4357-bddb-bed37e4357-bddb-bed37e4357-bddb-bed37e4357-bddb-bed37e4357-bddb-bed37e4357-bddb-bed3,vllm,filtering,0.75,2.083,40.379
cwe,"['grid' 'easy' 'spiffy' 'airfield' 'nifty' 'buze' 'damp' 'lottery' 'barn'
 'bandana']",4096,"1. spiffy 2. bandana 3. damp 4. barn 5. spiffy 6. spiffy 7. spiffy 8. spiffy 9. spiffy 10. spiffy
</think>

To determine the 10 most common words in the list, we need to count the frequency of each word and identify the top 10.

### Step-by-step Analysis:

1. **List the words**: The list contains 630 words.
2. **Count the frequency** of each word.
3. **Sort the words",vllm,filtering,0.75,2.083,40.379
qa_2,['John John Florence'],4096,John John John John John John John John John John John John John John John John John John John John John John John John John John John John John John John John John John John John John John John John John John John John John John John John John John John John John John John John John John John John John John John John John John John John John John John John John John John John John John John John John John John John John John John John John John John John John John John John John John John John John John John John John John John John John John John John John John John John John John John John John John John John John John John John,vllm,filtering,0.75,2.083,40.379
qa_2,['1944'],4096,"1944
</think>

Answer: 1944",vllm,filtering,0.75,2.083,40.379
niah_multikey_1,['5942041'],4096,"5402041.
</think>

The special magic number for **""colorful-alpaca""** mentioned in the text is **5402041**.",vllm,filtering,0.75,2.083,40.379
niah_multivalue,['5597283' '2565985' '7047102' '5200835'],4096,":

1. 7047102
2. 2565985
3. 5200835
4. 5597283
</think>

The special magic numbers for ""locust"" mentioned in the provided text are:

1. **7047102**  
2. **2565985**  
3. **5200835**  
4. **5597283**  

These numbers are explicitly stated in the text and are referred to as ""special magic numbers",vllm,filtering,0.75,2.083,40.379
qa_2,['2014'],4096,"2007
</think>

Answer: 2007",vllm,filtering,0.75,2.083,40.379
fwe,['fjnmov' 'olkknp' 'pwkedz'],4096,"fjnmov, olkknp, and ksbzrj.
</think>

Answer: fjnmov, olkknp, ksbzrj",vllm,filtering,0.75,2.083,40.379
qa_2,"['Istanbul, Turkey']",4096,"İstanbul
</think>

Answer: İstanbul",vllm,filtering,0.75,2.083,40.379
niah_multivalue,['8189168' '5682726' '5433204' '3182154'],4096,":

1. 5433204
2. 5682726
3. 3182154
4. 8189168
</think>

The special magic numbers for ""ambiguous-cup"" mentioned in the provided text are:

1. **5433204**  
2. **5682726**  
3. **3182154**  
4. **8189168**  

These numbers are explicitly stated in the text at different points, and they are all",vllm,filtering,0.75,2.083,40.379
niah_multiquery,['8852085' '4234838' '9796605' '3251501'],4096,":

- **Quack-Duck**: 8852085
- **Grizzly-Distance**: 4234838
- **Tested-Samovar**: 9796605
- **Prickly-Messy**: 3251501
</think>

The special magic numbers mentioned in the text for the specified categories are:

- **Quack-Duck**: 8852085  
- **Grizzly-Distance**: 4234838  
- **Tested-Samovar**: 9",vllm,filtering,0.75,2.083,40.379
cwe,"['wisdom' 'currant' 'cast' 'energy' 'sassy' 'fridge' 'ripe' 'personnel'
 'restroom' 'clever']",4096,10 most common words in the list are the top 10 most common words in the list are the top 10 most common words in the list are the top 10 most common words in the list are the top 10 most common words in the list are the top 10 most common words in the list are the top 10 most common words in the list are the top 10 most common words in the list are the top 10 most common words in the list are the top 10 most common words in the list are the top 10 most common words in the,vllm,filtering,0.75,2.083,40.379
niah_multikey_1,['4161264'],4096,"4161264.
</think>

The special magic number for **jazzy-poetry** mentioned in the provided text is **4161264**.",vllm,filtering,0.75,2.083,40.379
niah_single_1,['2147909'],4096,"2147909.
</think>

The special magic number for swanky-dozen mentioned in the provided text is **2147909**.",vllm,filtering,0.75,2.083,40.379
fwe,['evdlxb' 'okwipf' 'piwkmk'],4096,"evdlxb, kuuvfn, and okwipf.
</think>

Answer: evdlxb, kuuvfn, okwipf",vllm,filtering,0.75,2.083,40.379
niah_multikey_3,['444dc21c-ffe6-4a54-a5aa-aa628295a3f9'],4096,": 456aa000-4ba0-411b-9ab6-3bd65b5eb11c.
</think>

The special magic UUID for `e20b0f00-4ba0-411b-9ab6-3bd65b5eb11c` is: **456aa000-4ba0-411b-9ab6-3bd65b5eb11c**.",vllm,filtering,0.75,2.083,40.379
niah_single_2,['3846949'],8192,"3846949.
</think>

The special magic number for zonked-sanity mentioned in the text is **3846949**.",vllm,filtering,0.75,2.083,40.379
niah_multiquery,['9742856' '8590804' '6843509' '2637842'],8192,":

- **Special magic number for exotic-rape**: 9742856
- **Special magic number for noxious-pearl**: 8590804
- **Special magic number for plain-weed**: 6843509
- **Special magic number for periodic-orchard**: 2637842
</think>

The special magic numbers for the specified categories in the text are as follows:

- **Exotic-rape**: 9742856  
- **Noxious-pearl**: 859080",vllm,filtering,0.75,2.083,40.379
qa_1,['Inland Empire' 'Temecula and Murrieta'],8192,,vllm,filtering,0.75,2.083,40.379
niah_single_2,['2516313'],8192,"2516313.
</think>

The special magic number mentioned in the text is **2516313**.",vllm,filtering,0.75,2.083,40.379
niah_multikey_3,['f9285706-577c-4717-836a-58870a5a2698'],8192,": 7c6c3ec3-4a0c-426a-b0f2-493d63d63d63.
</think>

The special magic uuid for 17cb67b8-44e6-a174-9a0f-745d91a5e3d6 mentioned in the provided text is: 7c6c3ec3-4a0c-426a-b0f2-493d63d63d63.",vllm,filtering,0.75,2.083,40.379
niah_multiquery,['3290672' '1899447' '1160783' '6277776'],8192,"as follows:

- **Lent-pleasant-awe**: 3290672
- **Odd-library**: 1899447
- **Lacking-spark**: 1160783
- **Elderly-drill**: 6277776

These numbers are highlighted in the text as special magic numbers, and they are mentioned in the notes sections of the text.
</think>

The special magic numbers mentioned in the text for the specified categories are:

- **Lent-pleasant-awe**: 3290672  
- **",vllm,filtering,0.75,2.083,40.379
niah_single_3,['26242b40-a5cb-43a2-b98d-1ca68b6870b5'],8192,: 26242b40-a5cb-43a2-b98d-1ca68b6870b5.,vllm,filtering,0.75,2.083,40.379
niah_single_3,['af521b94-f186-447a-a794-63208cf6e8b8'],8192,": 

**uf521b94-f186-447a-a794-63208cf6e8b8**
</think>

The special magic UUID for puffy-crash mentioned in the text is:

**uf521b94-f186-447a-a794-63208cf6e8b8**",vllm,filtering,0.75,2.083,40.379
niah_multiquery,['9125900' '9214801' '8491822' '6008935'],8192,"as follows:

- **Rough-scene**: 9125900
- **Rough-scene**: 9125900 (Note: This is the same number as mentioned for rough-scene)
- **Rough-scene**: 9125900 (Note: This is the same number as mentioned for rough-scene)
- **Rough-scene**: 9125900 (Note: This is the same number as mentioned for rough-scene)
- **Rough-scene**: 9125900 (Note: This",vllm,filtering,0.75,2.083,40.379
niah_single_2,['3937176'],8192,"3937176. 

The special magic number is 3937176. 

The special magic number is 3937176. 

The special magic number is 3937176. 

The special magic number is 3937176. 

The special magic number is 3937176. 

The special magic number is 3937176. 

The special magic number is 3937176. 

The special magic number is 3937176",vllm,filtering,0.75,2.083,40.379
niah_single_3,['9f0fda8d-0537-4ff6-96d7-b3b833094d35'],8192,": 9f0fda8d-0537-4ff6-96d7-b3b833094d35.
</think>

The special magic UUID mentioned in the text is: **9f0fda8d-0537-4ff6-96d7-b3b833094d35**.",vllm,filtering,0.75,2.083,40.379
niah_multikey_1,['8727886'],8192,"8727886.
</think>

The special magic number for **determined-bin** mentioned in the provided text is **8727886**.",vllm,filtering,0.75,2.083,40.379
niah_multiquery,['4815608' '7412371' '3302852' '5032585'],8192,":

- **For rebellious-printing**: 4815608
- **For bumpy-lymphocyte**: 7412371
- **For trashy-bee**: 3302852
- **For mundane-telescreen**: 5032585
</think>

The special magic numbers for the specified categories in the text are:

- **Rebellious-printing**: 4815608  
- **Bumpy-lymphocyte**: 7412371  
- **Trashy-bee**:",vllm,filtering,0.75,2.083,40.379
niah_single_1,['4769851'],8192,"""4769851"" and it is mentioned as ""One of the special magic numbers for capricious-creme brulee is: 4769851."" So, the magic number is 4769851.

The magic number is 4769851.

The magic number is 4769851.

The magic number is 4769851.

The magic number is 4769851.

The magic number is 4769851.

The magic number is 4",vllm,filtering,0.75,2.083,40.379
niah_single_1,['3551903'],8192,"3551903.
</think>

The special magic number for lying-deviation mentioned in the provided text is **3551903**.",vllm,filtering,0.75,2.083,40.379
niah_single_3,['87079ad4-80be-4e35-a1c2-645ac7332304'],8192,": 87079ad4-80be-4e35-a1c2-645ac7332304.
</think>

The special magic UUID for **habitual-espadrille** mentioned in the text is:

**87079ad4-80be-4e35-a1c2-645ac7332304**.",vllm,filtering,0.75,2.083,40.379
fwe,['qplshr' 'qqhjdc' 'gmtwsb'],8192,"qplshr, qqhjdc, and gmtwsb.
</think>

qplshr, qqhjdc, gmtwsb",vllm,filtering,0.75,2.083,40.379
niah_multikey_2,['9086649'],8192,"1042137.
</think>

The special magic number for **zonked-tepee** is **1042137**.",vllm,filtering,0.75,2.083,40.379
qa_1,['Palm Springs' 'Palm Springs' 'Palm Springs'],8192,"Palm
</think>

Answer: Palm",vllm,filtering,0.75,2.083,40.379
niah_multikey_2,['6838180'],8192,"6838180.
</think>

The special magic number for **synonymous-scarf** mentioned in the provided text is **6838180**.",vllm,filtering,0.75,2.083,40.379
niah_multivalue,['1437264' '6349877' '4674549' '1491630'],8192,":

1. 4674549
2. 6349877
3. 1491630
4. 1437264
</think>

The special magic numbers for earsplitting-dragonfruit mentioned in the text are:

1. **4674549**  
2. **6349877**  
3. **1491630**  
4. **1437264**",vllm,filtering,0.75,2.083,40.379
niah_single_3,['38d77b9a-e916-4a57-b248-23ab177a8a5f'],8192,": 38d77b9a-e916-4a57-b248-23ab177a8a5f.
</think>

The special magic UUID mentioned in the text is: **38d77b9a-e916-4a57-b248-23ab177a8a5f**.",vllm,filtering,0.75,2.083,40.379
niah_single_2,['5528972'],8192,"5528972.
</think>

The special magic number for lovely-basil mentioned in the provided text is **5528972**.",vllm,filtering,0.75,2.083,40.379
qa_1,"['NP-complete Boolean satisfiability problem'
 'NP-complete Boolean satisfiability'
 'the NP-complete Boolean satisfiability problem']",8192,"</think>

Answer: The question is asking for the answer based on the given documents. Only give me the answer and do not output any other words.",vllm,filtering,0.75,2.083,40.379
qa_1,"['A probabilistic Turing machine' 'probabilistic'
 'probabilistic Turing machine']",8192,"probabilistic Turing machine
</think>

probabilistic Turing machine",vllm,filtering,0.75,2.083,40.379
qa_2,['author'],8192,,vllm,filtering,0.75,2.083,40.379
fwe,['rbvoik' 'rfdzkt' 'hakvdl'],8192,"rbvoik, hakvdl, and dacjue.
</think>

Answer: rbvoik, hakvdl, dacjue",vllm,filtering,0.75,2.083,40.379
niah_single_3,['493e904d-30ec-4796-a59b-457fc0d7ac73'],8192,": 493e904d-30ec-4796-a59b-457fc0d7ac73.
</think>

The special magic UUID for **alike-dishwasher** mentioned in the provided text is:

**493e904d-30ec-4796-a59b-457fc0d7ac73**.",vllm,filtering,0.75,2.083,40.379
qa_2,['1943'],8192,"1949
</think>

Answer: 1949",vllm,filtering,0.75,2.083,40.379
niah_single_2,['6202210'],8192,"6202210.
</think>

The special magic number for husky-cape mentioned in the provided text is **6202210**.",vllm,filtering,0.75,2.083,40.379
niah_multivalue,['7297287' '2701688' '9044494' '4784650'],8192,":

1. 9044494
2. 2701688
3. 4784650
4. 7297287
</think>

The special magic numbers for **kaput-collagen** mentioned in the provided text are:

1. **9044494**  
2. **2701688**  
3. **4784650**  
4. **7297287**  

These numbers are explicitly stated in the text and are associated with the concept",vllm,filtering,0.75,2.083,40.379
niah_multikey_1,['3673322'],8192,"3673322.
</think>

The special magic number for **elite-placode** mentioned in the provided text is **3673322**.",vllm,filtering,0.75,2.083,40.379
niah_multiquery,['8597490' '6752216' '9594877' '3318275'],8192,":

- **daffy-sun**: 3318275
- **many-spear**: 67


The special magic numbers mentioned in the text are:

1. **6752216** (for **magic-number** for **magic-number** for **magic-number** for **magic-number** for **magic-number** for **magic-number** for **magic-number** for **magic-number** for **magic-number** for **magic-number** for **magic-number** for **magic-number** for **magic-number** for **magic-number** for **magic-number** for",vllm,filtering,0.75,2.083,40.379
niah_single_1,['1652868'],8192,"**1652868**.
</think>

The special magic number for animated-abuse mentioned in the provided text is **1652868**.",vllm,filtering,0.75,2.083,40.379
qa_2,['Scott Sidney'],8192,"Alain Resnais
</think>

Answer: Alain Resnais",vllm,filtering,0.75,2.083,40.379
qa_1,['economically' 'economically' 'economically'],8192,"economically
</think>

Answer: economically",vllm,filtering,0.75,2.083,40.379
niah_single_2,['3762152'],8192,"3762152.
</think>

The special magic number for aware-judo mentioned in the provided text is **3762152**.",vllm,filtering,0.75,2.083,40.379
niah_single_2,['4794319'],8192,"40.
</think>

The special magic number for sloppy-possible mentioned in the provided text is **40**.",vllm,filtering,0.75,2.083,40.379
niah_single_2,['7189302'],8192,"7189302.
</think>

The special magic number for large-cantaloupe mentioned in the text is **7189302**.",vllm,filtering,0.75,2.083,40.379
niah_multikey_3,['1934850a-e8ff-4869-b759-5b46d1264de7'],8192,": 965d63d6-4503-4c4b-9d45-e481a7b6a185.
</think>

The special magic uuid for `c43cd8ec-5a87-427a-a7d4-965d63d6-4503-4c4b-9d45-e481a7b6a185` mentioned in the provided text is: **965d63d6-4503-4c4",vllm,filtering,0.75,2.083,40.379
niah_single_3,['d453f867-b97e-4224-891f-691217abb863'],8192,": d453f867-b97e-4224-891f-691217abb863.
</think>

The special magic UUID for the ""magic uuid"" mentioned in the text is: **d453f867-b97e-4224-891f-691217abb863**.",vllm,filtering,0.75,2.083,40.379
niah_single_1,['4188992'],8192,"4188992.
</think>

The special magic number for smelly-root mentioned in the provided text is **4188992**.",vllm,filtering,0.75,2.083,40.379
cwe,"['outstanding' 'vigorous' 'phrase' 'doctrine' 'snowman' 'singing'
 'gelatin' 'unique' 'asparagus' 'gown']",8192,"1. vigorous 2. phrase 3. asparagus 4. gelatin 5. singing 6. doctrine 7. gown 8. unique 9. vigorous 10. vigorous
</think>

To determine the 10 most common words in the provided list, we need to count the frequency of each word and identify the ones that appear most often. Here's the process:

1. **List the words**: The list contains 1000 words.
2. **Count the frequency**: We count how many times each word appears.
3. **Identify the top 10**: We select",vllm,filtering,0.75,2.083,40.379
fwe,['qiuwqq' 'qjiqmp' 'gpkrgi'],8192,"qiuwqq, qjiqmp, and xuoeem.
</think>

qiuwqq, qjiqmp, xuoeem",vllm,filtering,0.75,2.083,40.379
niah_single_1,['9852897'],8192,"9852897.
</think>

The special magic number for good-pharmacopoeia mentioned in the provided text is **9852897**.",vllm,filtering,0.75,2.083,40.379
fwe,['pxvsgw' 'pysupz' 'fmmvgz'],8192,"pxvsgw, pysupz, and fmmvgz.
</think>

Answer: pxvsgw, pysupz, fmmvgz",vllm,filtering,0.75,2.083,40.379
niah_multivalue,['1137194' '2803501' '8229768' '3247055'],8192,":

1. 8229768
2. 2803501
3. 3247055
4. 1137194
</think>

The special magic numbers for roomy-hound mentioned in the provided text are:

1. **8229768**  
2. **2803501**  
3. **3247055**  
4. **1137194**",vllm,filtering,0.75,2.083,40.379
qa_2,['defensive coordinator'],8192,"Defensive Coach
</think>

Answer: Defensive Coach",vllm,filtering,0.75,2.083,40.379
niah_single_1,['8669093'],8192,"8669093.
</think>

The special magic number for tense-statute mentioned in the provided text is **8669093**.",vllm,filtering,0.75,2.083,40.379
niah_multikey_3,['4f24d4a7-21ac-4998-91e7-7117c5162140'],8192,": 07684f21-17ff-4aaf-9f8d-6622fb6a37ef.
</think>

The special magic UUID for `5d7cae33-0b00-4090-acb7-8ef3fb6a37ef` mentioned in the provided text is: **07684f21-17ff-4aaf-9f8d-6622fb6a37ef**.",vllm,filtering,0.75,2.083,40.379
cwe,"['specification' 'newspaper' 'oldie' 'gamy' 'radio' 'rainbow' 'reserve'
 'swivel' 'hunger' 'pit']",8192,"1. swivel 2. gamy 3. hunger 4. newspaper 5. pit 6. specification 7. oldie 8. radio 9. reserve 10. gamy
</think>

To determine the 10 most common words in the given list, we need to count the frequency of each word and identify the ones that appear most often.

### Step-by-Step Analysis:

1. **List the words**: The list contains 1000 words.
2. **Count the frequency**: We count how many times each word appears.
3. **Identify the top 1",vllm,filtering,0.75,2.083,40.379
qa_2,['John John Florence'],8192,"John John
</think>

John John",vllm,filtering,0.75,2.083,40.379
qa_2,['1944'],8192,"Answer: 1944
</think>

Answer: 1944",vllm,filtering,0.75,2.083,40.379
niah_multikey_1,['4407796'],8192,"4407796.
</think>

The special magic number for **harmful-hospital** mentioned in the text is **4407796**.",vllm,filtering,0.75,2.083,40.379
niah_multivalue,['7442986' '6897789' '8203947' '6276495'],8192,":

1. 8203947
2. 6897789
3. 6276495
4. 7442986
</think>

The special magic numbers for spicy-skating mentioned in the text are:

1. **8203947**  
2. **6897789**  
3. **6276495**  
4. **7442986**",vllm,filtering,0.75,2.083,40.379
qa_2,['2014'],8192,"2007
</think>

2007",vllm,filtering,0.75,2.083,40.379
fwe,['pooula' 'prbezn' 'gjksel'],8192,"pooula, gjksel, and tmeoln.
</think>

pooula, gjksel, tmeoln",vllm,filtering,0.75,2.083,40.379
qa_2,"['Istanbul, Turkey']",8192,"İstanbul
</think>

Answer: İstanbul",vllm,filtering,0.75,2.083,40.379
niah_multivalue,['9535166' '8475204' '9167227' '1735708'],8192,":

1. 9167227
2. 8475204
3. 1735708
4. 9535166
</think>

The special magic numbers for rainy-sauce mentioned in the provided text are:

1. **9167227**  
2. **8475204**  
3. **1735708**  
4. **9535166**  

These numbers are explicitly highlighted in the text and are referred to as ""special magic numbers for",vllm,filtering,0.75,2.083,40.379
niah_multiquery,['3213658' '1968662' '8757420' '7969667'],8192,":

- **old-linseed**: 3213658
- **optimal-poncho**: 1968662
- **shaggy-sailboat**: 8757420
- **ragged-infancy**: 7969667
</think>

The special magic numbers mentioned in the text for the specified categories are:

- **old-linseed**: 3213658  
- **optimal-poncho**: 1968662  
- **shaggy-sailboat**: 8",vllm,filtering,0.75,2.083,40.379
cwe,"['orangutan' 'gastropod' 'lute' 'arthur' 'curd' 'colonial' 'actress'
 'catacomb' 'mast' 'absurd']",8192,"1. lute 2. catacomb 3. arthur 4. curd 5. gastropod 6. mast 7. colonial 8. actress 9. absurd 10. curd
</think>

To determine the 10 most common words in the given list, we need to count the frequency of each word and identify the ones that appear most often.

### Step-by-Step Analysis:

1. **List the words**: The list contains 1,000 words.
2. **Count the frequency**: We count how many times each word appears.
3. **Identify",vllm,filtering,0.75,2.083,40.379
niah_multikey_1,['2699372'],8192,"2699372.
</think>

The special magic number for ""worst-hut"" mentioned in the provided text is **2699372**.",vllm,filtering,0.75,2.083,40.379
niah_single_1,['2516313'],8192,"**2516313**.
</think>

The special magic number for finicky-corruption mentioned in the provided text is **2516313**.",vllm,filtering,0.75,2.083,40.379
fwe,['rlowep' 'rykimj' 'hovqiq'],8192,"rlowep, vygucb, and rykimj.
</think>

Answer: rlowep, vygucb, rykimj",vllm,filtering,0.75,2.083,40.379
niah_multikey_3,['3945cac7-3f99-45a7-8af4-b5da33cd1fed'],8192,": 394dacac-4f99-4a75-8af4-b5da33be4e3f.
</think>

The special magic uuid for 8084f1d1-fe82-4a8d-866b-c7a55d302449 mentioned in the provided text is: **394dacac-4f99-4a75-8af4-b5da33be4e3f**.",vllm,filtering,0.75,2.083,40.379
